2024-11-08 11:49:57.676452	https://www.encodeproject.org/report/?type=Experiment&control_type%21=%2A&perturbed=false&assay_title=long+read+RNA-seq&replicates.library.biosample.donor.organism.scientific_name=Homo+sapiens&biosample_ontology.classification=tissue&biosample_ontology.classification=primary+cell&limit=all
ID	Accession	Assay name	Assay title	Biosample classification	Target	Target of assay	Target gene symbol	Biosample summary	Biosample term name	Dbxrefs	Description	Lab	Project	Status	Files	Related series	Biosample accession	Biological replicate	Technical replicate	Linked antibody	Organism	Life stage	Biosample age	Biosample treatment	Biosample treatment ontology ID	Biosample treatment amount	Biosample treatment amount units	Biosample treatment duration	Biosample treatment duration units	Synchronization	Post-synchronization time	Post-synchronization time units	Biosample modification site target organism	Biosample modification site introduced gene organism	Replicates	Mixed biosamples	Cellular component	Library construction platform	Library construction method
/experiments/ENCSR169YNI/	ENCSR169YNI	long read RNA-seq	long read RNA-seq	tissue				Homo sapiens dorsolateral prefrontal cortex tissue female adult (90 or above years)	dorsolateral prefrontal cortex	GEO:GSE219545	RUSH brain E7461192	Ali Mortazavi, UCI	ENCODE	released	/files/ENCFF854YAZ/,/files/ENCFF827DUW/,/files/ENCFF753EDC/,/files/ENCFF114VSO/,/files/ENCFF509ZIC/,/files/ENCFF270HYK/	/disease-series/ENCSR295TBA/	ENCBS086OWN	1	1		Homo sapiens	adult	90 or above years												/replicates/86af400b-a268-438c-8bf3-947f3df4182c/				
/experiments/ENCSR462COR/	ENCSR462COR	long read RNA-seq	long read RNA-seq	tissue				Homo sapiens with Alzheimer's disease; dorsolateral prefrontal cortex tissue female adult (90 or above years)	dorsolateral prefrontal cortex	GEO:GSE219871	RUSH brain E3348003	Ali Mortazavi, UCI	ENCODE	released	/files/ENCFF244ZQG/,/files/ENCFF708BOP/,/files/ENCFF565SOM/,/files/ENCFF678TEN/,/files/ENCFF015EMC/,/files/ENCFF561RPD/	/disease-series/ENCSR452TLC/	ENCBS127CGY	1	1		Homo sapiens	adult	90 or above years												/replicates/ade43084-3b56-49b8-9b5f-837103e3f90a/				
/experiments/ENCSR316ZTD/	ENCSR316ZTD	long read RNA-seq	long read RNA-seq	tissue				Homo sapiens with Alzheimer's disease; dorsolateral prefrontal cortex tissue female adult (90 or above years)	dorsolateral prefrontal cortex	GEO:GSE219675	RUSH brain E6207143	Ali Mortazavi, UCI	ENCODE	released	/files/ENCFF019PGG/,/files/ENCFF446EFU/,/files/ENCFF983ETQ/,/files/ENCFF457BBP/,/files/ENCFF180NXA/,/files/ENCFF564ONS/	/disease-series/ENCSR278KPI/	ENCBS481WHG	1	1		Homo sapiens	adult	90 or above years												/replicates/2e46c2bf-3d89-4e5d-9645-c15215066db4/				
/experiments/ENCSR305TBU/	ENCSR305TBU	long read RNA-seq	long read RNA-seq	tissue				Homo sapiens brain tissue embryo	brain			Roderic Guigo, CRG	community	in progress	/files/ENCFF494JRT/		ENCBS439EKO	1	1		Homo sapiens	embryonic													/replicates/047f0f09-f25c-4988-8fc1-763c58443ac0/				CapTrap
/experiments/ENCSR541NRY/	ENCSR541NRY	long read RNA-seq	long read RNA-seq	tissue				Homo sapiens small intestine tissue male embryo (115 days)	small intestine			John Stamatoyannopoulos, UW	ENCODE	in progress	/files/ENCFF708EWF/,/files/ENCFF939WZX/		ENCBS526NVK	1	1		Homo sapiens	embryonic	115 days												/replicates/76b3f4c5-7ea0-43c4-8532-54d8674a1fed/				
/experiments/ENCSR720KOH/	ENCSR720KOH	long read RNA-seq	long read RNA-seq	tissue				Homo sapiens renal pelvis tissue female embryo (103 days)	renal pelvis			John Stamatoyannopoulos, UW	ENCODE	in progress	/files/ENCFF964KVG/,/files/ENCFF870TGV/		ENCBS694MLX	1	1		Homo sapiens	embryonic	103 days												/replicates/0e4d20a8-9a2e-4310-bf71-15773767cf3e/				
/experiments/ENCSR475SHG/	ENCSR475SHG	long read RNA-seq	long read RNA-seq	tissue				Homo sapiens lung tissue male embryo (115 days)	lung			John Stamatoyannopoulos, UW	ENCODE	in progress	/files/ENCFF269SJB/,/files/ENCFF492HGZ/		ENCBS519EXR	1	1		Homo sapiens	embryonic	115 days												/replicates/fa1b2f66-091b-4039-a0e2-917f7dbcf945/				
/experiments/ENCSR852YUV/	ENCSR852YUV	long read RNA-seq	long read RNA-seq	tissue				Homo sapiens brain tissue embryo (112 days)	brain			John Stamatoyannopoulos, UW	ENCODE	in progress	/files/ENCFF081XKD/,/files/ENCFF237XIT/		ENCBS370ZVO	1	1		Homo sapiens	embryonic	112 days												/replicates/027e194e-dff7-4281-9566-d86c4287c194/				
/experiments/ENCSR979UPD/	ENCSR979UPD	long read RNA-seq	long read RNA-seq	tissue				Homo sapiens muscle of leg tissue female embryo (115 days)	muscle of leg			John Stamatoyannopoulos, UW	ENCODE	in progress	/files/ENCFF319SVL/,/files/ENCFF847JVF/		ENCBS252AST	1	1		Homo sapiens	embryonic	115 days												/replicates/ff0fca85-31ec-42ef-832e-af386bc50852/				
/experiments/ENCSR400AEX/	ENCSR400AEX	long read RNA-seq	long read RNA-seq	tissue				Homo sapiens stomach tissue male embryo (127 days)	stomach			John Stamatoyannopoulos, UW	ENCODE	in progress	/files/ENCFF033TDV/,/files/ENCFF636ERU/		ENCBS152MQG	1	1		Homo sapiens	embryonic	127 days												/replicates/c6d3cb97-e600-4e2c-a0fe-534bbb870cfe/				
/experiments/ENCSR707LOP/	ENCSR707LOP	long read RNA-seq	long read RNA-seq	tissue				Homo sapiens muscle of back tissue female embryo (105 days)	muscle of back			John Stamatoyannopoulos, UW	ENCODE	in progress	/files/ENCFF648ZIP/,/files/ENCFF517VJO/		ENCBS912CLZ	1	1		Homo sapiens	embryonic	105 days												/replicates/b18d3404-b2c2-483e-b7c7-ad9ce8483139/				
/experiments/ENCSR193BFC/	ENCSR193BFC	long read RNA-seq	long read RNA-seq	tissue				Homo sapiens spleen tissue embryo (112 days)	spleen			John Stamatoyannopoulos, UW	ENCODE	in progress	/files/ENCFF302WIU/,/files/ENCFF624XSX/		ENCBS788PGW	1	1		Homo sapiens	embryonic	112 days												/replicates/4f307bc7-36da-453e-92a8-274d38e86d0a/				
/experiments/ENCSR729EEX/	ENCSR729EEX	long read RNA-seq	long read RNA-seq	tissue				Homo sapiens right kidney tissue female embryo (107 days)	right kidney			John Stamatoyannopoulos, UW	ENCODE	in progress	/files/ENCFF045QZC/,/files/ENCFF999KRU/		ENCBS078FAV	1	1		Homo sapiens	embryonic	107 days												/replicates/280fbb2f-cb8e-416d-8f16-a7d798d0f162/				
/experiments/ENCSR539XOD/	ENCSR539XOD	long read RNA-seq	long read RNA-seq	tissue				Homo sapiens adrenal gland tissue male embryo (101 days)	adrenal gland			John Stamatoyannopoulos, UW	ENCODE	in progress	/files/ENCFF041GVG/,/files/ENCFF340QTS/		ENCBS422GGI	1	1		Homo sapiens	embryonic	101 days												/replicates/75f66d8f-b2bc-43b0-b58c-d360fa182986/				
/experiments/ENCSR322MKW/	ENCSR322MKW	long read RNA-seq	long read RNA-seq	tissue				Homo sapiens heart tissue embryo	heart			Roderic Guigo, CRG	community	in progress	/files/ENCFF194YXK/		ENCBS638OZB	1	1		Homo sapiens	embryonic													/replicates/ac96715f-be97-48e3-aef5-6971b9fc7ca4/				CapTrap
/experiments/ENCSR243FLD/	ENCSR243FLD	long read RNA-seq	long read RNA-seq	tissue				Homo sapiens muscle of leg tissue male embryo (105 days)	muscle of leg			John Stamatoyannopoulos, UW	ENCODE	in progress	/files/ENCFF182CQR/,/files/ENCFF857VFJ/		ENCBS286HRG	1	1		Homo sapiens	embryonic	105 days												/replicates/05f5bef8-4fc4-4fdf-81a0-6c4803adb367/				
/experiments/ENCSR885ASQ/	ENCSR885ASQ	long read RNA-seq	long read RNA-seq	tissue				Homo sapiens renal pelvis tissue female embryo (89 days)	renal pelvis			John Stamatoyannopoulos, UW	ENCODE	in progress	/files/ENCFF537ULH/,/files/ENCFF467DNH/		ENCBS965EVC	1	1		Homo sapiens	embryonic	89 days												/replicates/3c8b2a73-97c6-42e5-a59b-efb4c1c7f572/				
/experiments/ENCSR585QNX/	ENCSR585QNX	long read RNA-seq	long read RNA-seq	tissue				Homo sapiens left lung tissue female embryo (98 days)	left lung			John Stamatoyannopoulos, UW	ENCODE	in progress	/files/ENCFF407NXH/,/files/ENCFF792JHW/		ENCBS910BDD	1	1		Homo sapiens	embryonic	98 days												/replicates/d58fe509-0473-40bf-9fc9-2504e67adaca/				
/experiments/ENCSR222RWQ/	ENCSR222RWQ	long read RNA-seq	long read RNA-seq	tissue				Homo sapiens small intestine tissue female embryo (108 days)	small intestine			John Stamatoyannopoulos, UW	ENCODE	in progress	/files/ENCFF007RVQ/,/files/ENCFF560CEB/		ENCBS973XLE	1	1		Homo sapiens	embryonic	108 days												/replicates/dbc08acd-9811-4db6-b910-ac9903cd2bc3/				
/experiments/ENCSR709ZJR/	ENCSR709ZJR	long read RNA-seq	long read RNA-seq	tissue				Homo sapiens renal pelvis tissue male embryo (105 days)	renal pelvis			John Stamatoyannopoulos, UW	ENCODE	in progress	/files/ENCFF327OBL/,/files/ENCFF086ZAW/		ENCBS501TEA	1	1		Homo sapiens	embryonic	105 days												/replicates/86557bb5-ae54-445f-9193-d5b0523763ac/				
/experiments/ENCSR646BMO/	ENCSR646BMO	long read RNA-seq	long read RNA-seq	tissue				Homo sapiens muscle of leg tissue male embryo (96 days)	muscle of leg			John Stamatoyannopoulos, UW	ENCODE	in progress	/files/ENCFF603PGE/,/files/ENCFF618ITC/		ENCBS224LQJ	1	1		Homo sapiens	embryonic	96 days												/replicates/0879fc20-08e0-44dd-bdb3-971b368ee760/				
/experiments/ENCSR273NIW/	ENCSR273NIW	long read RNA-seq	long read RNA-seq	tissue				Homo sapiens large intestine tissue male embryo (115 days)	large intestine			John Stamatoyannopoulos, UW	ENCODE	in progress	/files/ENCFF390FYK/,/files/ENCFF588XEF/		ENCBS061ZSI	1	1		Homo sapiens	embryonic	115 days												/replicates/5cdf90b3-c8c4-490b-8f37-804b59567fb9/				
/experiments/ENCSR321AWD/	ENCSR321AWD	long read RNA-seq	long read RNA-seq	tissue				Homo sapiens renal cortex interstitium tissue male embryo (108 days)	renal cortex interstitium			John Stamatoyannopoulos, UW	ENCODE	in progress	/files/ENCFF736NCQ/,/files/ENCFF521MXJ/		ENCBS737MAA	1	1		Homo sapiens	embryonic	108 days												/replicates/78fda9d8-a0d5-4cdf-8a59-e26ec49c9772/				
/experiments/ENCSR383POI/	ENCSR383POI	long read RNA-seq	long read RNA-seq	tissue				Homo sapiens spinal cord tissue female embryo (87 days)	spinal cord			John Stamatoyannopoulos, UW	ENCODE	in progress	/files/ENCFF706IBM/,/files/ENCFF699THC/		ENCBS204TIE	1	1		Homo sapiens	embryonic	87 days												/replicates/87bf91f4-5f26-4c08-ae72-d6f2a9e29618/				
/experiments/ENCSR649UAP/	ENCSR649UAP	long read RNA-seq	long read RNA-seq	tissue				Homo sapiens muscle of arm tissue male embryo (105 days)	muscle of arm			John Stamatoyannopoulos, UW	ENCODE	in progress	/files/ENCFF682FPD/,/files/ENCFF752PRT/		ENCBS653XSR	1	1		Homo sapiens	embryonic	105 days												/replicates/c3a92c89-444d-4687-9720-8a811deaa06c/				
/experiments/ENCSR081FFD/	ENCSR081FFD	long read RNA-seq	long read RNA-seq	tissue				Homo sapiens small intestine tissue female embryo (120 days)	small intestine			John Stamatoyannopoulos, UW	ENCODE	in progress	/files/ENCFF043KFO/,/files/ENCFF415RMA/		ENCBS165TTF	1	1		Homo sapiens	embryonic	120 days												/replicates/c6b4929c-568c-4882-afb7-9601cf008bf6/				
/experiments/ENCSR735BJF/	ENCSR735BJF	long read RNA-seq	long read RNA-seq	tissue				Homo sapiens muscle of arm tissue female embryo (98 days)	muscle of arm			John Stamatoyannopoulos, UW	ENCODE	in progress	/files/ENCFF519MII/,/files/ENCFF273GLB/		ENCBS250SNK	1	1		Homo sapiens	embryonic	98 days												/replicates/e0003cf4-829a-461c-a306-84cd19ecf728/				
/experiments/ENCSR504FSC/	ENCSR504FSC	long read RNA-seq	long read RNA-seq	tissue				Homo sapiens ovary tissue female embryo	ovary			John Stamatoyannopoulos, UW	ENCODE	in progress	/files/ENCFF730PSH/,/files/ENCFF031LYB/		ENCBS102VVS	1	1		Homo sapiens	embryonic													/replicates/592b9c49-e19c-446d-9908-c4ac1bc76fe1/				
/experiments/ENCSR847IOQ/	ENCSR847IOQ	long read RNA-seq	long read RNA-seq	tissue				Homo sapiens renal cortex interstitium tissue female embryo (96 days)	renal cortex interstitium			John Stamatoyannopoulos, UW	ENCODE	in progress	/files/ENCFF857BDF/,/files/ENCFF323EAR/		ENCBS702MUH	1	1		Homo sapiens	embryonic	96 days												/replicates/cfc5b9ec-f2ee-4648-b041-99ae24ede133/				
/experiments/ENCSR809SJR/	ENCSR809SJR	long read RNA-seq	long read RNA-seq	tissue				Homo sapiens heart tissue male embryo (110 days)	heart			John Stamatoyannopoulos, UW	ENCODE	in progress	/files/ENCFF192YJQ/,/files/ENCFF160UBD/		ENCBS649NOQ	1	1		Homo sapiens	embryonic	110 days												/replicates/8840f60b-20af-4fd1-addb-993c61cafe99/				
/experiments/ENCSR557ZVE/	ENCSR557ZVE	long read RNA-seq	long read RNA-seq	tissue				Homo sapiens muscle of back tissue male embryo (101 days)	muscle of back			John Stamatoyannopoulos, UW	ENCODE	in progress	/files/ENCFF761ZEM/,/files/ENCFF174XXP/		ENCBS716WPZ	1	1		Homo sapiens	embryonic	101 days												/replicates/406b2fb0-5d0d-499b-96be-aad886bb6d0c/				
/experiments/ENCSR325LUL/	ENCSR325LUL	long read RNA-seq	long read RNA-seq	tissue				Homo sapiens muscle of back tissue female embryo (113 days)	muscle of back			John Stamatoyannopoulos, UW	ENCODE	in progress	/files/ENCFF543CYB/,/files/ENCFF983FXT/		ENCBS122SKS	1	1		Homo sapiens	embryonic	113 days												/replicates/fdca28cf-b82f-4cbf-8e99-917e6dece8a2/				
/experiments/ENCSR337PJI/	ENCSR337PJI	long read RNA-seq	long read RNA-seq	tissue				Homo sapiens kidney tissue male embryo (113 days)	kidney			John Stamatoyannopoulos, UW	ENCODE	in progress	/files/ENCFF404NIL/,/files/ENCFF962XTC/		ENCBS030JKL	1	1		Homo sapiens	embryonic	113 days												/replicates/e59f96aa-5ede-4d00-a4b5-4001763661bf/				
/experiments/ENCSR246BOF/	ENCSR246BOF	long read RNA-seq	long read RNA-seq	tissue				Homo sapiens spinal cord tissue male embryo (96 days)	spinal cord			John Stamatoyannopoulos, UW	ENCODE	in progress	/files/ENCFF494EKF/,/files/ENCFF946ROY/		ENCBS400MSR	1	1		Homo sapiens	embryonic	96 days												/replicates/36e32e82-3c1e-4dbe-8910-6e5c6ae32fa2/				
/experiments/ENCSR870FIJ/	ENCSR870FIJ	long read RNA-seq	long read RNA-seq	tissue				Homo sapiens renal pelvis tissue male embryo (105 days)	renal pelvis			John Stamatoyannopoulos, UW	ENCODE	in progress	/files/ENCFF386PSZ/,/files/ENCFF693CLU/		ENCBS926WTU	1	1		Homo sapiens	embryonic	105 days												/replicates/8d78b5fb-8bdf-43b8-babe-87bbe2263770/				
/experiments/ENCSR194VUL/	ENCSR194VUL	long read RNA-seq	long read RNA-seq	tissue				Homo sapiens muscle of back tissue male embryo (104 days)	muscle of back			John Stamatoyannopoulos, UW	ENCODE	in progress	/files/ENCFF162TDR/,/files/ENCFF168ROP/		ENCBS152WAR	1	1		Homo sapiens	embryonic	104 days												/replicates/9d0b7ae7-2912-40f1-8d33-b6caf35c6fd9/				
/experiments/ENCSR136VYG/	ENCSR136VYG	long read RNA-seq	long read RNA-seq	tissue				Homo sapiens muscle of leg tissue male embryo (96 days)	muscle of leg			John Stamatoyannopoulos, UW	ENCODE	in progress	/files/ENCFF559IKS/,/files/ENCFF454ZLI/		ENCBS126LYC	1	1		Homo sapiens	embryonic	96 days												/replicates/ff19e593-0cb6-4d31-9566-c3f5548cdaff/				
/experiments/ENCSR861YGQ/	ENCSR861YGQ	long read RNA-seq	long read RNA-seq	tissue				Homo sapiens thymus tissue female embryo (98 days)	thymus			John Stamatoyannopoulos, UW	ENCODE	in progress	/files/ENCFF274MKW/,/files/ENCFF573ATI/		ENCBS442ILA	1	1		Homo sapiens	embryonic	98 days												/replicates/4f99253f-316c-45c2-9f42-dd76a23ec175/				
/experiments/ENCSR592OXC/	ENCSR592OXC	long read RNA-seq	long read RNA-seq	tissue				Homo sapiens right kidney tissue female embryo (117 days)	right kidney			John Stamatoyannopoulos, UW	ENCODE	in progress	/files/ENCFF181BGP/,/files/ENCFF143KMY/		ENCBS669GZU	1	1		Homo sapiens	embryonic	117 days												/replicates/f0cfa7b6-1cb3-4444-a0c7-3b31c4a33672/				
/experiments/ENCSR032UWN/	ENCSR032UWN	long read RNA-seq	long read RNA-seq	tissue				Homo sapiens muscle of leg tissue male embryo (101 days)	muscle of leg			John Stamatoyannopoulos, UW	ENCODE	in progress	/files/ENCFF058USV/,/files/ENCFF950FJR/		ENCBS545VWB	1	1		Homo sapiens	embryonic	101 days												/replicates/5cb150f8-2450-4d1a-8748-fdc5f37c9bd0/				
/experiments/ENCSR588HDZ/	ENCSR588HDZ	long read RNA-seq	long read RNA-seq	tissue				Homo sapiens right lung tissue female embryo (108 days)	right lung			John Stamatoyannopoulos, UW	ENCODE	in progress	/files/ENCFF889EKS/,/files/ENCFF771CFB/		ENCBS860RVH	1	1		Homo sapiens	embryonic	108 days												/replicates/9a8adb4d-07e2-41f9-b146-82b2002507fa/				
/experiments/ENCSR261AYY/	ENCSR261AYY	long read RNA-seq	long read RNA-seq	tissue				Homo sapiens renal cortex interstitium tissue male embryo (105 days)	renal cortex interstitium			John Stamatoyannopoulos, UW	ENCODE	in progress	/files/ENCFF823XAV/,/files/ENCFF122YVL/		ENCBS029BOW	1	1		Homo sapiens	embryonic	105 days												/replicates/541f8b82-dbaa-4283-8348-c19f8c8f73ae/				
/experiments/ENCSR563FHI/	ENCSR563FHI	long read RNA-seq	long read RNA-seq	tissue				Homo sapiens brain tissue male adult	brain			Roderic Guigo, CRG	community	in progress	/files/ENCFF752BHX/		ENCBS465WGG	1	1		Homo sapiens	adult													/replicates/e9d3d6a3-fb90-4863-ab6f-b5c268458e9f/				CapTrap
/experiments/ENCSR000OEW/	ENCSR000OEW	long read RNA-seq	long read RNA-seq	tissue				Homo sapiens small intestine tissue female embryo (110 days)	small intestine			John Stamatoyannopoulos, UW	ENCODE	in progress	/files/ENCFF073ORM/,/files/ENCFF089QPB/		ENCBS587DFP	1	1		Homo sapiens	embryonic	110 days												/replicates/bf1928c6-fe91-4840-adb8-c86cd29db6d1/				
/experiments/ENCSR736GCG/	ENCSR736GCG	long read RNA-seq	long read RNA-seq	tissue				Homo sapiens thymus tissue male embryo (113 days)	thymus			John Stamatoyannopoulos, UW	ENCODE	in progress	/files/ENCFF370MCJ/,/files/ENCFF019TGE/		ENCBS998SRS	1	1		Homo sapiens	embryonic	113 days												/replicates/8e89850b-e9aa-4ea6-9c50-c80584f388e3/				
/experiments/ENCSR759MRC/	ENCSR759MRC	long read RNA-seq	long read RNA-seq	tissue				Homo sapiens muscle of arm tissue male embryo (96 days)	muscle of arm			John Stamatoyannopoulos, UW	ENCODE	in progress	/files/ENCFF414OZR/,/files/ENCFF138CIP/		ENCBS182IQI	1	1		Homo sapiens	embryonic	96 days												/replicates/75078b99-e9ce-4018-b657-95dac333321f/				
/experiments/ENCSR302UOZ/	ENCSR302UOZ	long read RNA-seq	long read RNA-seq	tissue				Homo sapiens renal cortex interstitium tissue male embryo (113 days)	renal cortex interstitium			John Stamatoyannopoulos, UW	ENCODE	in progress	/files/ENCFF575DVC/,/files/ENCFF769PHC/		ENCBS870OPP	1	1		Homo sapiens	embryonic	113 days												/replicates/50f617ee-7926-43b0-86c1-313ce0ba8e67/				
/experiments/ENCSR966PBL/	ENCSR966PBL	long read RNA-seq	long read RNA-seq	tissue				Homo sapiens testis tissue male embryo	testis			John Stamatoyannopoulos, UW	ENCODE	in progress	/files/ENCFF073KGZ/,/files/ENCFF145DSD/		ENCBS228NHI	1	1		Homo sapiens	embryonic													/replicates/a870d494-0efb-46e2-a0df-21805faf95ea/				
/experiments/ENCSR394MBR/	ENCSR394MBR	long read RNA-seq	long read RNA-seq	tissue				Homo sapiens heart tissue male embryo (105 days)	heart			John Stamatoyannopoulos, UW	ENCODE	in progress	/files/ENCFF025IUK/,/files/ENCFF626CBF/		ENCBS777TEG	1	1		Homo sapiens	embryonic	105 days												/replicates/fb67fb38-0817-4cc6-b90d-14577a7cc18b/				
/experiments/ENCSR555RBI/	ENCSR555RBI	long read RNA-seq	long read RNA-seq	tissue				Homo sapiens left kidney tissue female embryo (147 days)	left kidney			John Stamatoyannopoulos, UW	ENCODE	in progress	/files/ENCFF246SBM/,/files/ENCFF351JDA/		ENCBS276UDX	1	1		Homo sapiens	embryonic	147 days												/replicates/42098705-26e3-4344-88d1-c2614b78ab79/				
/experiments/ENCSR017XQY/	ENCSR017XQY	long read RNA-seq	long read RNA-seq	tissue				Homo sapiens muscle of leg tissue male embryo (113 days)	muscle of leg			John Stamatoyannopoulos, UW	ENCODE	in progress	/files/ENCFF237YOW/,/files/ENCFF321EZC/		ENCBS869SZX	1	1		Homo sapiens	embryonic	113 days												/replicates/d9c61e97-3d17-4484-93ed-7aacfaf746ec/				
/experiments/ENCSR728RUN/	ENCSR728RUN	long read RNA-seq	long read RNA-seq	tissue				Homo sapiens thymus tissue female embryo (147 days)	thymus			John Stamatoyannopoulos, UW	ENCODE	in progress	/files/ENCFF890EYO/,/files/ENCFF728DQI/		ENCBS925KXO	1	1		Homo sapiens	embryonic	147 days												/replicates/32adfc62-d4f0-4f3f-af80-d37dc0a85895/				
/experiments/ENCSR959XNI/	ENCSR959XNI	long read RNA-seq	long read RNA-seq	tissue				Homo sapiens spinal cord tissue male embryo (105 days)	spinal cord			John Stamatoyannopoulos, UW	ENCODE	in progress	/files/ENCFF250VHS/,/files/ENCFF129ZBB/		ENCBS206GZL	1	1		Homo sapiens	embryonic	105 days												/replicates/9e198a3c-d707-4fc9-94e1-81c9c74581ac/				
/experiments/ENCSR047HDL/	ENCSR047HDL	long read RNA-seq	long read RNA-seq	tissue				Homo sapiens small intestine tissue female embryo (98 days)	small intestine			John Stamatoyannopoulos, UW	ENCODE	in progress	/files/ENCFF850OVI/,/files/ENCFF063NSB/		ENCBS137VKQ	1	1		Homo sapiens	embryonic	98 days												/replicates/2fe179be-dc6d-4321-a6cb-f2b245a88f6f/				
/experiments/ENCSR891KDT/	ENCSR891KDT	long read RNA-seq	long read RNA-seq	tissue				Homo sapiens liver tissue embryo	liver			Roderic Guigo, CRG	community	in progress	/files/ENCFF346ZDC/		ENCBS248WUT	1	1		Homo sapiens	embryonic													/replicates/8763a8c5-a7ea-4460-a273-6dadc896cb00/				CapTrap
/experiments/ENCSR170JRH/	ENCSR170JRH	long read RNA-seq	long read RNA-seq	tissue				Homo sapiens heart tissue male adult	heart			Roderic Guigo, CRG	community	in progress	/files/ENCFF597BZE/		ENCBS610YHV	1	1		Homo sapiens	adult													/replicates/5edf48bc-0f54-450c-8731-e53094c3eb00/				CapTrap
/experiments/ENCSR174AAK/	ENCSR174AAK	long read RNA-seq	long read RNA-seq	tissue				Homo sapiens muscle of leg tissue female embryo (113 days)	muscle of leg			John Stamatoyannopoulos, UW	ENCODE	in progress	/files/ENCFF767MKK/,/files/ENCFF611PSE/		ENCBS879TMF	1	1		Homo sapiens	embryonic	113 days												/replicates/8318d7f7-3b55-4603-83fc-d7512c250c25/				
/experiments/ENCSR227LUE/	ENCSR227LUE	long read RNA-seq	long read RNA-seq	tissue				Homo sapiens kidney tissue male embryo (108 days)	kidney			John Stamatoyannopoulos, UW	ENCODE	in progress	/files/ENCFF349EQL/,/files/ENCFF255VDG/		ENCBS839PTA	1	1		Homo sapiens	embryonic	108 days												/replicates/28d19184-ae1d-4265-bad2-fe72618811d8/				
/experiments/ENCSR158RZR/	ENCSR158RZR	long read RNA-seq	long read RNA-seq	tissue				Homo sapiens placenta tissue female embryo (113 days)	placenta			John Stamatoyannopoulos, UW	ENCODE	in progress	/files/ENCFF700ZCU/,/files/ENCFF855YAX/		ENCBS260UXC	1	1		Homo sapiens	embryonic	113 days												/replicates/4ee197c0-2983-4910-adb2-50aaa96e6ac9/				
/experiments/ENCSR746DTB/	ENCSR746DTB	long read RNA-seq	long read RNA-seq	tissue				Homo sapiens renal pelvis tissue female embryo (96 days)	renal pelvis			John Stamatoyannopoulos, UW	ENCODE	in progress	/files/ENCFF177ABS/,/files/ENCFF581IWY/		ENCBS349HOT	1	1		Homo sapiens	embryonic	96 days												/replicates/6a4a4b72-36af-4791-b74c-66f6ccc85565/				
/experiments/ENCSR567LHH/	ENCSR567LHH	long read RNA-seq	long read RNA-seq	tissue				Homo sapiens placenta tissue female embryo (85 days)	placenta			John Stamatoyannopoulos, UW	ENCODE	in progress	/files/ENCFF273EBW/,/files/ENCFF168NYQ/		ENCBS168RJJ	1	1		Homo sapiens	embryonic	85 days												/replicates/232d8b19-9b29-461b-b13a-fad5764d4d6f/				
/experiments/ENCSR663LFJ/	ENCSR663LFJ	long read RNA-seq	long read RNA-seq	tissue				Homo sapiens muscle of back tissue male embryo (91 days)	muscle of back			John Stamatoyannopoulos, UW	ENCODE	in progress	/files/ENCFF608IUM/,/files/ENCFF315JRG/		ENCBS372OIM	1	1		Homo sapiens	embryonic	91 days												/replicates/dbaf32b5-9c0f-4588-af86-5f58d32f8cfc/				
/experiments/ENCSR281RTT/	ENCSR281RTT	long read RNA-seq	long read RNA-seq	tissue				Homo sapiens kidney tissue female embryo (85 days)	kidney			John Stamatoyannopoulos, UW	ENCODE	in progress	/files/ENCFF837DKI/,/files/ENCFF022LHT/		ENCBS572XBW	1	1		Homo sapiens	embryonic	85 days												/replicates/4f4b1338-08e9-4520-a4db-a0bf7ce4b20d/				
/experiments/ENCSR793ODF/	ENCSR793ODF	long read RNA-seq	long read RNA-seq	tissue				Homo sapiens renal pelvis tissue female embryo (96 days)	renal pelvis			John Stamatoyannopoulos, UW	ENCODE	in progress	/files/ENCFF304JNQ/,/files/ENCFF154UJS/		ENCBS605FSD	1	1		Homo sapiens	embryonic	96 days												/replicates/d2177a8e-f73c-4020-b003-81c151e5ebae/				
/experiments/ENCSR993RKQ/	ENCSR993RKQ	long read RNA-seq	long read RNA-seq	tissue				Homo sapiens stomach tissue female embryo (147 days)	stomach			John Stamatoyannopoulos, UW	ENCODE	in progress	/files/ENCFF662HZZ/,/files/ENCFF590JCN/		ENCBS663BTK	1	1		Homo sapiens	embryonic	147 days												/replicates/61a0109d-edd1-466f-b76d-81b649cb4847/				
/experiments/ENCSR598UIY/	ENCSR598UIY	long read RNA-seq	long read RNA-seq	tissue				Homo sapiens brain tissue male embryo (104 days)	brain			John Stamatoyannopoulos, UW	ENCODE	in progress	/files/ENCFF343RVA/,/files/ENCFF878MBT/		ENCBS251VVQ	1	1		Homo sapiens	embryonic	104 days												/replicates/a4cff2a8-f705-4129-bf8e-35b22e9f4d4f/				
/experiments/ENCSR085CHJ/	ENCSR085CHJ	long read RNA-seq	long read RNA-seq	tissue				Homo sapiens large intestine tissue male embryo (108 days)	large intestine			John Stamatoyannopoulos, UW	ENCODE	in progress	/files/ENCFF409XVP/,/files/ENCFF082HWA/		ENCBS259AIG	1	1		Homo sapiens	embryonic	108 days												/replicates/961a39f1-5506-40b7-8a1f-73b6c26879eb/				
/experiments/ENCSR476STT/	ENCSR476STT	long read RNA-seq	long read RNA-seq	tissue				Homo sapiens kidney tissue male embryo (105 days)	kidney			John Stamatoyannopoulos, UW	ENCODE	in progress	/files/ENCFF171RHZ/,/files/ENCFF761MZD/		ENCBS416UPP	1	1		Homo sapiens	embryonic	105 days												/replicates/8710cdbd-bde7-42f3-8a82-334ac96bdeda/				
/experiments/ENCSR861CLZ/	ENCSR861CLZ	long read RNA-seq	long read RNA-seq	tissue				Homo sapiens right kidney tissue male embryo (87 days)	right kidney			John Stamatoyannopoulos, UW	ENCODE	in progress	/files/ENCFF477PHD/,/files/ENCFF251QHX/		ENCBS061HNT	1	1		Homo sapiens	embryonic	87 days												/replicates/8c557f76-b3b7-4ba6-8515-87315e87f04d/				
/experiments/ENCSR793FMU/	ENCSR793FMU	long read RNA-seq	long read RNA-seq	tissue				Homo sapiens small intestine tissue female embryo (107 days)	small intestine			John Stamatoyannopoulos, UW	ENCODE	in progress	/files/ENCFF537TQR/,/files/ENCFF976OLX/		ENCBS821BQE	1	1		Homo sapiens	embryonic	107 days												/replicates/f08b0050-1783-4e24-961c-8172cb55f6e5/				
/experiments/ENCSR414YMK/	ENCSR414YMK	long read RNA-seq	long read RNA-seq	tissue				Homo sapiens stomach tissue female embryo (96 days)	stomach			John Stamatoyannopoulos, UW	ENCODE	in progress	/files/ENCFF573UWE/,/files/ENCFF149VYJ/		ENCBS101TEB	1	1		Homo sapiens	embryonic	96 days												/replicates/88da7111-3d8f-4b7a-93e1-68918c388796/				
/experiments/ENCSR448TJV/	ENCSR448TJV	long read RNA-seq	long read RNA-seq	tissue				Homo sapiens right kidney tissue female embryo (147 days)	right kidney			John Stamatoyannopoulos, UW	ENCODE	in progress	/files/ENCFF545ILY/,/files/ENCFF879VZX/		ENCBS548TCA	1	1		Homo sapiens	embryonic	147 days												/replicates/ace2ac32-e0f4-4cbe-9029-58a48cdffcba/				
/experiments/ENCSR176MGF/	ENCSR176MGF	long read RNA-seq	long read RNA-seq	tissue				Homo sapiens renal cortex interstitium tissue male embryo (97 days)	renal cortex interstitium			John Stamatoyannopoulos, UW	ENCODE	in progress	/files/ENCFF741KLE/,/files/ENCFF167HJO/		ENCBS464XTU	1	1		Homo sapiens	embryonic	97 days												/replicates/ef4825b9-7972-4f51-8b98-53cbd2d7a2e5/				
/experiments/ENCSR697ASE/	ENCSR697ASE	long read RNA-seq	long read RNA-seq	tissue				Homo sapiens with Alzheimer's disease; dorsolateral prefrontal cortex tissue female adult (90 or above years)	dorsolateral prefrontal cortex	GEO:GSE219655	RUSH brain E7948794	Ali Mortazavi, UCI	ENCODE	released	/files/ENCFF917UTU/,/files/ENCFF156TTD/,/files/ENCFF963DJZ/,/files/ENCFF406GQU/,/files/ENCFF771XYK/,/files/ENCFF385SKN/	/disease-series/ENCSR144KHB/	ENCBS422TMB	1	1		Homo sapiens	adult	90 or above years												/replicates/03b3b00f-3c2d-478a-9cd2-b9fd85289100/				
/experiments/ENCSR998KIZ/	ENCSR998KIZ	long read RNA-seq	long read RNA-seq	primary cell				Homo sapiens mammary epithelial cell female adult (19 years)	mammary epithelial cell	GEO:GSE219294	"ENC4_507, ENC4_508 HMEC rep1 primary human mammary epithelial cells"	Ali Mortazavi, UCI	ENCODE	released	/files/ENCFF660DXB/,/files/ENCFF237FMP/,/files/ENCFF019OFE/,/files/ENCFF617YVE/,/files/ENCFF393GUD/,/files/ENCFF120RHU/,/files/ENCFF960GPB/,/files/ENCFF903XBV/,/files/ENCFF349CHO/,/files/ENCFF787XLJ/,/files/ENCFF621SUQ/,/files/ENCFF649LQP/		ENCBS996RLF,ENCBS710VQU	1,2	1		Homo sapiens	adult	19 years												/replicates/6155ff7a-0ed7-4267-82b0-6c26ea919351/,/replicates/1a899982-459b-442b-a3b2-5774ead3e0c9/				
/experiments/ENCSR880WTW/	ENCSR880WTW	long read RNA-seq	long read RNA-seq	tissue				Homo sapiens placenta tissue	placenta			Roderic Guigo, CRG	community	in progress	/files/ENCFF643OCG/		ENCBS731IIA	1	1		Homo sapiens	unknown													/replicates/7c804740-9f28-4e9d-b95a-ed2b42fd6df3/				CapTrap
/experiments/ENCSR094NFM/	ENCSR094NFM	long read RNA-seq	long read RNA-seq	tissue				Homo sapiens dorsolateral prefrontal cortex tissue female adult (90 or above years)	dorsolateral prefrontal cortex	GEO:GSE219452	RUSH brain E4368365	Ali Mortazavi, UCI	ENCODE	released	/files/ENCFF463RYG/,/files/ENCFF260AWP/,/files/ENCFF129ZDE/,/files/ENCFF124RDD/,/files/ENCFF568SDQ/,/files/ENCFF773RAW/	/disease-series/ENCSR268QJC/	ENCBS819UHF	1	1		Homo sapiens	adult	90 or above years												/replicates/2b92a16b-8831-4b7d-ba13-c9794e876c4e/				
/experiments/ENCSR111APG/	ENCSR111APG	long read RNA-seq	long read RNA-seq	tissue				Homo sapiens brain tissue male adult	brain			Roderic Guigo, CRG	community	in progress	/files/ENCFF338LLX/		ENCBS465WGG	1	1		Homo sapiens	adult													/replicates/7cbda564-3f04-4d56-98ab-a9e8d1605fe4/				CapTrap
/experiments/ENCSR572HEY/	ENCSR572HEY	long read RNA-seq	long read RNA-seq	tissue				Homo sapiens heart tissue male adult	heart			Roderic Guigo, CRG	community	in progress	/files/ENCFF168OKB/		ENCBS610YHV	1	1		Homo sapiens	adult													/replicates/f23c6f5b-7f50-42e7-86c9-25799af68262/				CapTrap
/experiments/ENCSR687RWI/	ENCSR687RWI	long read RNA-seq	long read RNA-seq	primary cell				Homo sapiens endothelial cell of umbilical vein male newborn	endothelial cell of umbilical vein	GEO:GSE219635	"ENC4_505, ENC4_506 HUVEC rep1 primary human umbilical vein endothelial cell"	Ali Mortazavi, UCI	ENCODE	released	/files/ENCFF660GLY/,/files/ENCFF033LRZ/,/files/ENCFF457LPH/,/files/ENCFF096UHO/,/files/ENCFF062CHV/,/files/ENCFF714EJD/,/files/ENCFF600UQU/,/files/ENCFF717UEN/,/files/ENCFF049QIP/,/files/ENCFF997SQD/,/files/ENCFF247HMI/,/files/ENCFF294ACH/		ENCBS820SXP,ENCBS023JCN	1,2	1		Homo sapiens	newborn													/replicates/5f038909-daa9-4b5f-abd0-4c70628d1b0c/,/replicates/cce98caa-82b2-4d71-a7c5-1b023b06e84a/				
/experiments/ENCSR257YUB/	ENCSR257YUB	long read RNA-seq	long read RNA-seq	tissue				Homo sapiens with Alzheimer's disease; dorsolateral prefrontal cortex tissue male adult (90 or above years)	dorsolateral prefrontal cortex	GEO:GSE219645	RUSH brain E4368365	Ali Mortazavi, UCI	ENCODE	released	/files/ENCFF979KXX/,/files/ENCFF311CZO/,/files/ENCFF646VGI/,/files/ENCFF707NQJ/,/files/ENCFF367FEB/,/files/ENCFF877QJZ/	/disease-series/ENCSR636ZQA/	ENCBS644WSW	1	1		Homo sapiens	adult	90 or above years												/replicates/c9242f9d-1224-4f22-be10-3a3bb1e204d4/				
/experiments/ENCSR668QMS/	ENCSR668QMS	long read RNA-seq	long read RNA-seq	tissue				Homo sapiens liver tissue male adult	liver			Roderic Guigo, CRG	community	in progress	/files/ENCFF706UIP/		ENCBS089ZMV	1	1		Homo sapiens	adult													/replicates/5dc8844b-fc5c-4997-bc11-36fad7198d89/				CapTrap
/experiments/ENCSR782LGT/	ENCSR782LGT	long read RNA-seq	long read RNA-seq	tissue				Homo sapiens heart right ventricle tissue female adult (46 years)	heart right ventricle	GEO:GSE175132	ENC4_50 W72 heart right ventricle	Ali Mortazavi, UCI	ENCODE	released	/files/ENCFF793PGJ/,/files/ENCFF660UTF/,/files/ENCFF654ZCI/,/files/ENCFF977DHG/,/files/ENCFF327SFR/		ENCBS238NAR	1	1		Homo sapiens	adult	46 years												/replicates/b2ef52c7-b04d-430d-b621-9e2966cd5757/				
/experiments/ENCSR416HNH/	ENCSR416HNH	long read RNA-seq	long read RNA-seq	tissue				Homo sapiens heart tissue female embryo (105 days)	heart			John Stamatoyannopoulos, UW	ENCODE	in progress	/files/ENCFF869RGR/,/files/ENCFF035XFN/		ENCBS915TYO	1	1		Homo sapiens	embryonic	105 days												/replicates/22c8b9e5-5eb7-4371-b32f-e2de608e7f52/				
/experiments/ENCSR332ZOH/	ENCSR332ZOH	long read RNA-seq	long read RNA-seq	tissue				Homo sapiens kidney tissue female embryo (108 days)	kidney			John Stamatoyannopoulos, UW	ENCODE	in progress	/files/ENCFF077SYC/,/files/ENCFF774HMO/		ENCBS565APE	1	1		Homo sapiens	embryonic	108 days												/replicates/a937cf49-f885-420e-b2ce-d9745768eb95/				
/experiments/ENCSR997XFO/	ENCSR997XFO	long read RNA-seq	long read RNA-seq	tissue				Homo sapiens right lung tissue female embryo (91 days)	right lung			John Stamatoyannopoulos, UW	ENCODE	in progress	/files/ENCFF692KYO/,/files/ENCFF571XKW/		ENCBS585YRE	1	1		Homo sapiens	embryonic	91 days												/replicates/25d6a92d-40e7-4a6b-9d00-2f9020c5c453/				
/experiments/ENCSR986WKB/	ENCSR986WKB	long read RNA-seq	long read RNA-seq	tissue				Homo sapiens lower lobe of left lung tissue male adult (60 years)	lower lobe of left lung	GEO:GSE175349	ENC4_39 W78 left lobe of lung	Ali Mortazavi, UCI	ENCODE	released	/files/ENCFF341BSQ/,/files/ENCFF494CUI/,/files/ENCFF924HBV/,/files/ENCFF792FCJ/,/files/ENCFF441SZI/		ENCBS559YLX	1	1		Homo sapiens	adult	60 years												/replicates/9e1daf80-78ce-49b9-80af-b6f9e2bdb85f/				
/experiments/ENCSR899FUU/	ENCSR899FUU	long read RNA-seq	long read RNA-seq	tissue				Homo sapiens muscle of leg tissue female embryo (105 days)	muscle of leg			John Stamatoyannopoulos, UW	ENCODE	in progress	/files/ENCFF777JPK/,/files/ENCFF176OKA/		ENCBS586VBD	1	1		Homo sapiens	embryonic	105 days												/replicates/c8e391f3-db48-42e3-b61a-90ba210b6e02/				
/experiments/ENCSR645EEX/	ENCSR645EEX	long read RNA-seq	long read RNA-seq	tissue				Homo sapiens renal cortex interstitium tissue male embryo (105 days)	renal cortex interstitium			John Stamatoyannopoulos, UW	ENCODE	in progress	/files/ENCFF972HWI/,/files/ENCFF084MKI/		ENCBS720TLL	1	1		Homo sapiens	embryonic	105 days												/replicates/90e90f2a-f555-4d62-985d-64045d07117c/				
/experiments/ENCSR735XFJ/	ENCSR735XFJ	long read RNA-seq	long read RNA-seq	tissue				Homo sapiens stomach tissue female embryo (108 days)	stomach			John Stamatoyannopoulos, UW	ENCODE	in progress	/files/ENCFF032VBW/,/files/ENCFF200BJB/		ENCBS246DND	1	1		Homo sapiens	embryonic	108 days												/replicates/7c1f57d0-81a6-43b1-9978-267555bc2e16/				
/experiments/ENCSR397AFD/	ENCSR397AFD	long read RNA-seq	long read RNA-seq	tissue				Homo sapiens kidney tissue female embryo (105 days)	kidney			John Stamatoyannopoulos, UW	ENCODE	in progress	/files/ENCFF113GPQ/,/files/ENCFF808OZT/		ENCBS659IQR	1	1		Homo sapiens	embryonic	105 days												/replicates/3f20b76d-53b8-4db3-913f-4e60a99f077b/				
/experiments/ENCSR166KWG/	ENCSR166KWG	long read RNA-seq	long read RNA-seq	tissue				Homo sapiens small intestine tissue female embryo (105 days)	small intestine			John Stamatoyannopoulos, UW	ENCODE	in progress	/files/ENCFF598CRE/,/files/ENCFF100TEF/		ENCBS810YIH	1	1		Homo sapiens	embryonic	105 days												/replicates/98c7e30a-25c0-446d-94c8-41ba8a6551e4/				
/experiments/ENCSR710TAV/	ENCSR710TAV	long read RNA-seq	long read RNA-seq	tissue				Homo sapiens muscle of leg tissue male embryo (120 days)	muscle of leg			John Stamatoyannopoulos, UW	ENCODE	in progress	/files/ENCFF290HFE/,/files/ENCFF289XDA/		ENCBS126JEC	1	1		Homo sapiens	embryonic	120 days												/replicates/b09382c1-8d46-4824-9e16-12dfb5aac080/				
/experiments/ENCSR390AHP/	ENCSR390AHP	long read RNA-seq	long read RNA-seq	tissue				Homo sapiens renal pelvis tissue male embryo (91 days)	renal pelvis			John Stamatoyannopoulos, UW	ENCODE	in progress	/files/ENCFF676JVW/,/files/ENCFF563FYS/		ENCBS465DYX	1	1		Homo sapiens	embryonic	91 days												/replicates/92465f68-9500-4492-842b-51e86a50f089/				
/experiments/ENCSR617WTI/	ENCSR617WTI	long read RNA-seq	long read RNA-seq	tissue				Homo sapiens muscle of arm tissue embryo (101 days)	muscle of arm			John Stamatoyannopoulos, UW	ENCODE	in progress	/files/ENCFF019IVT/,/files/ENCFF910MLZ/		ENCBS148RFP	1	1		Homo sapiens	embryonic	101 days												/replicates/a400e795-d5db-49a8-aa65-dfeec64295f1/				
/experiments/ENCSR845JAP/	ENCSR845JAP	long read RNA-seq	long read RNA-seq	tissue				Homo sapiens renal cortex interstitium tissue male embryo (105 days)	renal cortex interstitium			John Stamatoyannopoulos, UW	ENCODE	in progress	/files/ENCFF602FLU/,/files/ENCFF516GSU/		ENCBS091IRZ	1	1		Homo sapiens	embryonic	105 days												/replicates/0b8ef2d2-10ca-4ce5-a413-bbfae4ba0cf6/				
/experiments/ENCSR309ARL/	ENCSR309ARL	long read RNA-seq	long read RNA-seq	tissue				Homo sapiens large intestine tissue male embryo (91 days)	large intestine			John Stamatoyannopoulos, UW	ENCODE	in progress	/files/ENCFF929XSC/,/files/ENCFF495RRF/		ENCBS775YYI	1	1		Homo sapiens	embryonic	91 days												/replicates/eb31610c-b6c5-4a35-b66e-b97374ef03d3/				
/experiments/ENCSR819LQD/	ENCSR819LQD	long read RNA-seq	long read RNA-seq	tissue				Homo sapiens testis tissue male embryo	testis			John Stamatoyannopoulos, UW	ENCODE	in progress	/files/ENCFF883ISL/,/files/ENCFF012LSB/		ENCBS718UBE	1	1		Homo sapiens	embryonic													/replicates/da676c4a-9309-4017-a474-817c9085fa9c/				
/experiments/ENCSR296JRY/	ENCSR296JRY	long read RNA-seq	long read RNA-seq	tissue				Homo sapiens left lung tissue male embryo (87 days)	left lung			John Stamatoyannopoulos, UW	ENCODE	in progress	/files/ENCFF606TQU/,/files/ENCFF664WHL/		ENCBS891ELQ	1	1		Homo sapiens	embryonic	87 days												/replicates/53606b68-3b76-48f4-8d86-26ab83553063/				
/experiments/ENCSR690QHM/	ENCSR690QHM	long read RNA-seq	long read RNA-seq	tissue				Homo sapiens with Alzheimer's disease; dorsolateral prefrontal cortex tissue female adult (90 or above years)	dorsolateral prefrontal cortex	GEO:GSE219641	RUSH brain E6341028	Ali Mortazavi, UCI	ENCODE	released	/files/ENCFF924WKD/,/files/ENCFF785KVJ/,/files/ENCFF378STM/,/files/ENCFF482LTF/,/files/ENCFF519SVS/,/files/ENCFF070TEQ/	/disease-series/ENCSR682GKH/	ENCBS660AUE	1	1		Homo sapiens	adult	90 or above years												/replicates/390dd5ed-ec53-452f-9126-a8121a0575d5/				
/experiments/ENCSR490NZD/	ENCSR490NZD	long read RNA-seq	long read RNA-seq	tissue				Homo sapiens placenta tissue	placenta			Roderic Guigo, CRG	community	in progress	/files/ENCFF977IUW/		ENCBS731IIA	1	1		Homo sapiens	unknown													/replicates/80cd6c65-0521-4809-908e-4605ab28774d/				CapTrap
/experiments/ENCSR992UMK/	ENCSR992UMK	long read RNA-seq	long read RNA-seq	tissue				Homo sapiens large intestine tissue female embryo (107 days)	large intestine			John Stamatoyannopoulos, UW	ENCODE	in progress	/files/ENCFF284DZV/,/files/ENCFF060AGA/		ENCBS849ZYL	1	1		Homo sapiens	embryonic	107 days												/replicates/ce713f1d-4032-4579-9805-37293ca28c95/				
/experiments/ENCSR354MMF/	ENCSR354MMF	long read RNA-seq	long read RNA-seq	tissue				Homo sapiens large intestine tissue female embryo (110 days)	large intestine			John Stamatoyannopoulos, UW	ENCODE	in progress	/files/ENCFF612QDB/,/files/ENCFF657BIE/		ENCBS684FZG	1	1		Homo sapiens	embryonic	110 days												/replicates/d84adc08-d369-4602-84d5-e9a2aafd7aaa/				
/experiments/ENCSR786FLO/	ENCSR786FLO	long read RNA-seq	long read RNA-seq	tissue				Homo sapiens left ventricle myocardium inferior tissue male adult (60 years)	left ventricle myocardium inferior	GEO:GSE175153	ENC4_55 W78 left ventricle myocardium inferior	Ali Mortazavi, UCI	ENCODE	released	/files/ENCFF793CMQ/,/files/ENCFF983JOM/,/files/ENCFF755YKI/,/files/ENCFF132YCF/,/files/ENCFF167RQY/		ENCBS735OAR	1	1		Homo sapiens	adult	60 years												/replicates/b14e3144-c308-4be1-8882-f2779bbb3f42/				
/experiments/ENCSR805BHF/	ENCSR805BHF	long read RNA-seq	long read RNA-seq	tissue				Homo sapiens large intestine tissue male embryo (113 days)	large intestine			John Stamatoyannopoulos, UW	ENCODE	in progress	/files/ENCFF494PYD/,/files/ENCFF641AMS/		ENCBS359EQT	1	1		Homo sapiens	embryonic	113 days												/replicates/4928f2a6-7d68-432b-95e8-7370d004ed84/				
/experiments/ENCSR024CQN/	ENCSR024CQN	long read RNA-seq	long read RNA-seq	tissue				Homo sapiens renal pelvis tissue male embryo (105 days)	renal pelvis			John Stamatoyannopoulos, UW	ENCODE	in progress	/files/ENCFF946EFE/,/files/ENCFF959KSV/		ENCBS553TCH	1	1		Homo sapiens	embryonic	105 days												/replicates/298ccb8e-487e-4939-a0fe-e44d9d13f76e/				
/experiments/ENCSR014HNT/	ENCSR014HNT	long read RNA-seq	long read RNA-seq	tissue				Homo sapiens adrenal gland tissue male embryo (108 days)	adrenal gland			John Stamatoyannopoulos, UW	ENCODE	in progress	/files/ENCFF354ZHZ/,/files/ENCFF965BVY/		ENCBS106YHB	1	1		Homo sapiens	embryonic	108 days												/replicates/b04c069a-0863-4a10-b75f-80f2cfe0b0e3/				
/experiments/ENCSR141JSO/	ENCSR141JSO	long read RNA-seq	long read RNA-seq	tissue				Homo sapiens left lung tissue female embryo (108 days)	left lung			John Stamatoyannopoulos, UW	ENCODE	in progress	/files/ENCFF167TXY/,/files/ENCFF232TCJ/		ENCBS459KIK	1	1		Homo sapiens	embryonic	108 days												/replicates/04e83bac-4fb5-4ecf-b731-8bea88b6765f/				
/experiments/ENCSR091MZX/	ENCSR091MZX	long read RNA-seq	long read RNA-seq	tissue				Homo sapiens renal cortex interstitium tissue male embryo (105 days)	renal cortex interstitium			John Stamatoyannopoulos, UW	ENCODE	in progress	/files/ENCFF586ROM/,/files/ENCFF083XEQ/		ENCBS967UQQ	1	1		Homo sapiens	embryonic	105 days												/replicates/d21fe7e6-1035-4a0a-8cb3-3ad389a7a3ad/				
/experiments/ENCSR125GHJ/	ENCSR125GHJ	long read RNA-seq	long read RNA-seq	tissue				Homo sapiens muscle of leg tissue embryo (101 days)	muscle of leg			John Stamatoyannopoulos, UW	ENCODE	in progress	/files/ENCFF144TCX/,/files/ENCFF947GVP/		ENCBS313CVW	1	1		Homo sapiens	embryonic	101 days												/replicates/547aa915-e79f-4120-a150-8dd9ae176891/				
/experiments/ENCSR908EKJ/	ENCSR908EKJ	long read RNA-seq	long read RNA-seq	tissue				Homo sapiens muscle of arm tissue female embryo (120 days)	muscle of arm			John Stamatoyannopoulos, UW	ENCODE	in progress	/files/ENCFF530GFM/,/files/ENCFF253WQQ/		ENCBS076WQR	1	1		Homo sapiens	embryonic	120 days												/replicates/b76ce566-e6b1-4370-8919-b52b5f6a1a32/				
/experiments/ENCSR137VJX/	ENCSR137VJX	long read RNA-seq	long read RNA-seq	tissue				Homo sapiens lung tissue embryo (112 days)	lung			John Stamatoyannopoulos, UW	ENCODE	in progress	/files/ENCFF357ZRI/,/files/ENCFF712NRS/		ENCBS039NNX	1	1		Homo sapiens	embryonic	112 days												/replicates/d908f2fa-cb91-46c1-a198-6d12a5c01f15/				
/experiments/ENCSR822NSX/	ENCSR822NSX	long read RNA-seq	long read RNA-seq	tissue				Homo sapiens left kidney tissue female embryo (98 days)	left kidney			John Stamatoyannopoulos, UW	ENCODE	in progress	/files/ENCFF236HKT/,/files/ENCFF801EBI/		ENCBS245QVS	1	1		Homo sapiens	embryonic	98 days												/replicates/a933efff-2ef6-4cb7-99c2-135c9e76f445/				
/experiments/ENCSR170QUW/	ENCSR170QUW	long read RNA-seq	long read RNA-seq	tissue				Homo sapiens muscle of arm tissue female embryo (105 days)	muscle of arm			John Stamatoyannopoulos, UW	ENCODE	in progress	/files/ENCFF730YXG/,/files/ENCFF533PHC/		ENCBS634XIB	1	1		Homo sapiens	embryonic	105 days												/replicates/54a4ea0b-6b50-4692-833a-da67a04286e0/				
/experiments/ENCSR582TMC/	ENCSR582TMC	long read RNA-seq	long read RNA-seq	tissue				Homo sapiens brain tissue female embryo (105 days)	brain			John Stamatoyannopoulos, UW	ENCODE	in progress	/files/ENCFF602AMC/,/files/ENCFF171NTJ/		ENCBS657WVW	1	1		Homo sapiens	embryonic	105 days												/replicates/1baf673b-f2d7-44a8-ae86-389850c2ad62/				
/experiments/ENCSR475XGB/	ENCSR475XGB	long read RNA-seq	long read RNA-seq	tissue				Homo sapiens left lung tissue female embryo (105 days)	left lung			John Stamatoyannopoulos, UW	ENCODE	in progress	/files/ENCFF018UJC/,/files/ENCFF357JCT/		ENCBS894YFO	1	1		Homo sapiens	embryonic	105 days												/replicates/84fa74ae-477b-4d74-839e-46ab3fdc60d7/				
/experiments/ENCSR868WMK/	ENCSR868WMK	long read RNA-seq	long read RNA-seq	tissue				Homo sapiens placenta tissue male embryo (85 days)	placenta			John Stamatoyannopoulos, UW	ENCODE	in progress	/files/ENCFF653FCD/,/files/ENCFF659IRL/		ENCBS770VOR	1	1		Homo sapiens	embryonic	85 days												/replicates/5af78daf-6e0e-4bc6-a36e-4d6650885a0f/				
/experiments/ENCSR307QHG/	ENCSR307QHG	long read RNA-seq	long read RNA-seq	tissue				Homo sapiens right lung tissue male embryo (96 days)	right lung			John Stamatoyannopoulos, UW	ENCODE	in progress	/files/ENCFF307XAT/,/files/ENCFF646BQV/		ENCBS406DRC	1	1		Homo sapiens	embryonic	96 days												/replicates/14d6b8d0-b028-4262-af73-6c162015fe89/				
/experiments/ENCSR910OEU/	ENCSR910OEU	long read RNA-seq	long read RNA-seq	tissue				Homo sapiens muscle of arm tissue male embryo (96 days)	muscle of arm			John Stamatoyannopoulos, UW	ENCODE	in progress	/files/ENCFF767BFX/,/files/ENCFF819GRO/		ENCBS603CIP	1	1		Homo sapiens	embryonic	96 days												/replicates/354846b9-5370-4f8a-ba23-f3a2f33a65a0/				
/experiments/ENCSR562KIZ/	ENCSR562KIZ	long read RNA-seq	long read RNA-seq	tissue				Homo sapiens thymus tissue male embryo (127 days)	thymus			John Stamatoyannopoulos, UW	ENCODE	in progress	/files/ENCFF555EAB/,/files/ENCFF525ITY/		ENCBS469IWQ	1	1		Homo sapiens	embryonic	127 days												/replicates/141c13fd-5a61-4b95-9d80-a06d02e16b72/				
/experiments/ENCSR899GAP/	ENCSR899GAP	long read RNA-seq	long read RNA-seq	tissue				Homo sapiens Right ventricle myocardium superior tissue male adult (60 years)	Right ventricle myocardium superior	GEO:GSE175298	ENC4_56 W78 right ventricle myocardium superior	Ali Mortazavi, UCI	ENCODE	released	/files/ENCFF665LBS/,/files/ENCFF160SEP/,/files/ENCFF717ARV/,/files/ENCFF840OVC/,/files/ENCFF348HQO/		ENCBS580WTV	1	1		Homo sapiens	adult	60 years												/replicates/45a42dd5-085f-46ac-b511-ccda04503f8f/				
/experiments/ENCSR435UUS/	ENCSR435UUS	long read RNA-seq	long read RNA-seq	tissue				Homo sapiens right cardiac atrium tissue male adult (60 years)	right cardiac atrium	GEO:GSE175258	ENC4_58 W78 right cardiac atrium	Ali Mortazavi, UCI	ENCODE	released	/files/ENCFF242WRZ/,/files/ENCFF906LNC/,/files/ENCFF330VRX/,/files/ENCFF491THQ/,/files/ENCFF291EKY/		ENCBS271WJL	1	1		Homo sapiens	adult	60 years												/replicates/45533e71-db64-405c-9640-0f1cd53e7598/				
/experiments/ENCSR336XVG/	ENCSR336XVG	long read RNA-seq	long read RNA-seq	tissue				Homo sapiens testis tissue male adult	testis			Roderic Guigo, CRG	community	in progress	/files/ENCFF801KQM/		ENCBS765JQO	1	1		Homo sapiens	adult													/replicates/60f79d52-594f-432b-ac40-5c175ea24ef6/				CapTrap
/experiments/ENCSR216DEV/	ENCSR216DEV	long read RNA-seq	long read RNA-seq	tissue				Homo sapiens liver tissue embryo	liver			Roderic Guigo, CRG	community	in progress	/files/ENCFF271IUP/		ENCBS248WUT	1	1		Homo sapiens	embryonic													/replicates/fc62cf04-33c4-4055-b3e4-1fad53c5e773/				CapTrap
/experiments/ENCSR351AFA/	ENCSR351AFA	long read RNA-seq	long read RNA-seq	tissue				Homo sapiens heart tissue male embryo (120 days)	heart			John Stamatoyannopoulos, UW	ENCODE	in progress	/files/ENCFF965LGL/,/files/ENCFF644XTL/		ENCBS978SNN	1	1		Homo sapiens	embryonic	120 days												/replicates/4cb29216-32a2-432b-8cde-f9ef2f6343dd/				
/experiments/ENCSR639PHC/	ENCSR639PHC	long read RNA-seq	long read RNA-seq	tissue				Homo sapiens renal pelvis tissue male embryo (97 days)	renal pelvis			John Stamatoyannopoulos, UW	ENCODE	in progress	/files/ENCFF307SXR/,/files/ENCFF780PQJ/		ENCBS548LLM	1	1		Homo sapiens	embryonic	97 days												/replicates/0a2c027e-2fee-4fb0-8053-01849c9390e5/				
/experiments/ENCSR219CXA/	ENCSR219CXA	long read RNA-seq	long read RNA-seq	tissue				Homo sapiens renal cortex interstitium tissue male embryo (120 days)	renal cortex interstitium			John Stamatoyannopoulos, UW	ENCODE	in progress	/files/ENCFF241BYY/,/files/ENCFF218KRG/		ENCBS173RWD	1	1		Homo sapiens	embryonic	120 days												/replicates/761ce53d-3c1b-4f1b-b31d-d2fdca0b014f/				
/experiments/ENCSR382JPG/	ENCSR382JPG	long read RNA-seq	long read RNA-seq	tissue				Homo sapiens renal pelvis tissue male embryo (120 days)	renal pelvis			John Stamatoyannopoulos, UW	ENCODE	in progress	/files/ENCFF041OQR/,/files/ENCFF823DYP/		ENCBS711ZXF	1	1		Homo sapiens	embryonic	120 days												/replicates/78b08c0c-dd48-499e-aded-9d0a216aba32/				
/experiments/ENCSR373VQC/	ENCSR373VQC	long read RNA-seq	long read RNA-seq	tissue				Homo sapiens right lung tissue male embryo (115 days)	right lung			John Stamatoyannopoulos, UW	ENCODE	in progress	/files/ENCFF443OXD/,/files/ENCFF509QVG/		ENCBS319IJK	1	1		Homo sapiens	embryonic	115 days												/replicates/4b3ae667-2dda-4f75-ae6b-d562d08b2817/				
/experiments/ENCSR728OMS/	ENCSR728OMS	long read RNA-seq	long read RNA-seq	tissue				Homo sapiens renal cortex interstitium tissue male embryo (120 days)	renal cortex interstitium			John Stamatoyannopoulos, UW	ENCODE	in progress	/files/ENCFF072XDW/,/files/ENCFF017UTH/		ENCBS346NVY	1	1		Homo sapiens	embryonic	120 days												/replicates/7429eb11-bb5a-4087-bd78-f7742f2792c6/				
/experiments/ENCSR319ZJH/	ENCSR319ZJH	long read RNA-seq	long read RNA-seq	tissue				Homo sapiens stomach tissue female embryo (107 days)	stomach			John Stamatoyannopoulos, UW	ENCODE	in progress	/files/ENCFF079KDX/,/files/ENCFF098SPE/		ENCBS887ZTZ	1	1		Homo sapiens	embryonic	107 days												/replicates/c5a410fe-dc7a-4fec-b181-9e3c7b558e87/				
/experiments/ENCSR042HCJ/	ENCSR042HCJ	long read RNA-seq	long read RNA-seq	tissue				Homo sapiens large intestine tissue female embryo (105 days)	large intestine			John Stamatoyannopoulos, UW	ENCODE	in progress	/files/ENCFF451HIL/,/files/ENCFF228PAZ/		ENCBS080GHU	1	1		Homo sapiens	embryonic	105 days												/replicates/09182ba6-739c-4288-b43e-f3414f3de11e/				
/experiments/ENCSR245XMK/	ENCSR245XMK	long read RNA-seq	long read RNA-seq	tissue				Homo sapiens left lung tissue female embryo (117 days)	left lung			John Stamatoyannopoulos, UW	ENCODE	in progress	/files/ENCFF079NOV/,/files/ENCFF988GSY/		ENCBS245YZC	1	1		Homo sapiens	embryonic	117 days												/replicates/e43008c5-f8ce-4050-8612-9a9acfb3d62c/				
/experiments/ENCSR212XZB/	ENCSR212XZB	long read RNA-seq	long read RNA-seq	tissue				Homo sapiens small intestine tissue male embryo (91 days)	small intestine			John Stamatoyannopoulos, UW	ENCODE	in progress	/files/ENCFF014LPH/,/files/ENCFF878BCI/		ENCBS840RAU	1	1		Homo sapiens	embryonic	91 days												/replicates/875a66a1-1928-4e50-b98a-ab2f649d1652/				
/experiments/ENCSR997RFW/	ENCSR997RFW	long read RNA-seq	long read RNA-seq	tissue				Homo sapiens mucosa of descending colon tissue male adult (40 years)	mucosa of descending colon	GEO:GSE219970	ENC4_77 W76 mucosa of descending colon	Ali Mortazavi, UCI	ENCODE	released	/files/ENCFF387HPO/,/files/ENCFF863NLH/,/files/ENCFF996LGE/,/files/ENCFF171AQO/,/files/ENCFF384SQX/,/files/ENCFF056GBQ/		ENCBS105TFS	1	1		Homo sapiens	adult	40 years												/replicates/e5228788-499b-462d-8e38-f362130141d4/				
/experiments/ENCSR243DYK/	ENCSR243DYK	long read RNA-seq	long read RNA-seq	tissue				Homo sapiens psoas muscle tissue female adult (61 years)	psoas muscle	GEO:GSE219621	W80 psoas muscle ENC4_86	Ali Mortazavi, UCI	ENCODE	released	/files/ENCFF750LYC/,/files/ENCFF223QZZ/,/files/ENCFF698UNA/,/files/ENCFF673VUN/,/files/ENCFF993HIM/,/files/ENCFF655ZFW/		ENCBS326LXR	1	1		Homo sapiens	adult	61 years												/replicates/1d67e779-b63b-4ec8-80fa-aecb0eb3d2b4/				
/experiments/ENCSR549ELD/	ENCSR549ELD	long read RNA-seq	long read RNA-seq	tissue				Homo sapiens cardiac septum tissue female adult (41 years)	cardiac septum	GEO:GSE219381	W61 cardiac septum ENC4_92	Ali Mortazavi, UCI	ENCODE	released	/files/ENCFF680XXE/,/files/ENCFF360XYE/,/files/ENCFF543YBE/,/files/ENCFF626QRV/,/files/ENCFF516YCH/,/files/ENCFF867CPW/		ENCBS731WFT	1	1		Homo sapiens	adult	41 years												/replicates/c67c9250-c2f2-4805-a032-d36a1e62a24c/				
/experiments/ENCSR728TXV/	ENCSR728TXV	long read RNA-seq	long read RNA-seq	tissue				Homo sapiens right cardiac atrium tissue male adult (40 years)	right cardiac atrium	GEO:GSE219666	W76 right cardiac atrium ENC4_84	Ali Mortazavi, UCI	ENCODE	released	/files/ENCFF905RVF/,/files/ENCFF345FLB/,/files/ENCFF118JEA/,/files/ENCFF276WIE/,/files/ENCFF875QHC/,/files/ENCFF548VFY/		ENCBS966NKN	1	1		Homo sapiens	adult	40 years												/replicates/559d0973-79af-40e0-8904-159d409c74b8/				
/experiments/ENCSR005ESF/	ENCSR005ESF	long read RNA-seq	long read RNA-seq	tissue				Homo sapiens renal pelvis tissue male embryo (105 days)	renal pelvis			John Stamatoyannopoulos, UW	ENCODE	in progress	/files/ENCFF572YAL/,/files/ENCFF008AAU/		ENCBS199VBZ	1	1		Homo sapiens	embryonic	105 days												/replicates/76394426-9323-4bbc-a945-d3b5f90712f5/				
/experiments/ENCSR446EHC/	ENCSR446EHC	long read RNA-seq	long read RNA-seq	tissue				Homo sapiens renal cortex interstitium tissue male embryo (108 days)	renal cortex interstitium			John Stamatoyannopoulos, UW	ENCODE	in progress	/files/ENCFF896PNP/,/files/ENCFF859RXV/		ENCBS328QXA	1	1		Homo sapiens	embryonic	108 days												/replicates/306a65d1-9f7c-4abb-ac8b-97d1b3220247/				
/experiments/ENCSR257NKC/	ENCSR257NKC	long read RNA-seq	long read RNA-seq	tissue				Homo sapiens muscle of arm tissue female embryo (85 days)	muscle of arm			John Stamatoyannopoulos, UW	ENCODE	in progress	/files/ENCFF744VOK/,/files/ENCFF452UKW/		ENCBS930FNA	1	1		Homo sapiens	embryonic	85 days												/replicates/2bbd4c18-6e88-4c30-9283-ad77e85a0a86/				
/experiments/ENCSR907BCF/	ENCSR907BCF	long read RNA-seq	long read RNA-seq	tissue				Homo sapiens right kidney tissue female embryo (98 days)	right kidney			John Stamatoyannopoulos, UW	ENCODE	in progress	/files/ENCFF977IIN/,/files/ENCFF992DBS/		ENCBS252LKK	1	1		Homo sapiens	embryonic	98 days												/replicates/3a120746-5801-4b3b-a2b3-8142a358df09/				
/experiments/ENCSR292ZNO/	ENCSR292ZNO	long read RNA-seq	long read RNA-seq	tissue				Homo sapiens testis tissue male adult	testis			Roderic Guigo, CRG	community	in progress	/files/ENCFF806OCD/		ENCBS765JQO	1	1		Homo sapiens	adult													/replicates/b7caa95c-5393-434e-a01b-c1808bc2cde4/				CapTrap
/experiments/ENCSR348TSX/	ENCSR348TSX	long read RNA-seq	long read RNA-seq	tissue				Homo sapiens adrenal gland tissue female embryo (85 days)	adrenal gland			John Stamatoyannopoulos, UW	ENCODE	in progress	/files/ENCFF075IDG/,/files/ENCFF149ZXL/		ENCBS182HLE	1	1		Homo sapiens	embryonic	85 days												/replicates/925544ed-4d5c-419a-b357-b04f2c2694c8/				
/experiments/ENCSR028ASC/	ENCSR028ASC	long read RNA-seq	long read RNA-seq	tissue				Homo sapiens right lung tissue female embryo (110 days)	right lung			John Stamatoyannopoulos, UW	ENCODE	in progress	/files/ENCFF837OBF/,/files/ENCFF118HTA/		ENCBS661KVX	1	1		Homo sapiens	embryonic	110 days												/replicates/667bee51-3b09-400d-a52d-3938ec7dd82f/				
/experiments/ENCSR508BRD/	ENCSR508BRD	long read RNA-seq	long read RNA-seq	tissue				Homo sapiens heart tissue female embryo (110 days)	heart			John Stamatoyannopoulos, UW	ENCODE	in progress	/files/ENCFF986HCN/,/files/ENCFF680NLM/		ENCBS132XGS	1	1		Homo sapiens	embryonic	110 days												/replicates/dc651af2-1ea1-4cc8-8e5b-33aace16c896/				
/experiments/ENCSR856JRV/	ENCSR856JRV	long read RNA-seq	long read RNA-seq	tissue				Homo sapiens renal cortex interstitium tissue female embryo (120 days)	renal cortex interstitium			John Stamatoyannopoulos, UW	ENCODE	in progress	/files/ENCFF704BLP/,/files/ENCFF240JFT/		ENCBS686CHQ	1	1		Homo sapiens	embryonic	120 days												/replicates/2760936a-7e97-45aa-a32c-247c5fa38c1b/				
/experiments/ENCSR559DWD/	ENCSR559DWD	long read RNA-seq	long read RNA-seq	tissue				Homo sapiens muscle of back tissue male embryo (96 days)	muscle of back			John Stamatoyannopoulos, UW	ENCODE	in progress	/files/ENCFF927VFC/,/files/ENCFF509MSH/		ENCBS526KAM	1	1		Homo sapiens	embryonic	96 days												/replicates/f5f77037-dc05-4faa-9028-09a6d1de13a2/				
/experiments/ENCSR906DLM/	ENCSR906DLM	long read RNA-seq	long read RNA-seq	tissue				Homo sapiens left lung tissue female embryo (110 days)	left lung			John Stamatoyannopoulos, UW	ENCODE	in progress	/files/ENCFF902GNZ/,/files/ENCFF637EZX/		ENCBS505RWO	1	1		Homo sapiens	embryonic	110 days												/replicates/401e5c02-fe59-45b3-97ff-46009a8f83c5/				
/experiments/ENCSR285JMB/	ENCSR285JMB	long read RNA-seq	long read RNA-seq	tissue				Homo sapiens spinal cord tissue female embryo (89 days)	spinal cord			John Stamatoyannopoulos, UW	ENCODE	in progress	/files/ENCFF728ADB/,/files/ENCFF096UAB/		ENCBS030YZV	1	1		Homo sapiens	embryonic	89 days												/replicates/bfff7c46-7abd-46f4-a84e-a7a2fb8bf163/				
/experiments/ENCSR309URD/	ENCSR309URD	long read RNA-seq	long read RNA-seq	tissue				Homo sapiens adrenal gland tissue female embryo (108 days)	adrenal gland			John Stamatoyannopoulos, UW	ENCODE	in progress	/files/ENCFF854MJA/,/files/ENCFF780WOY/		ENCBS965EUG	1	1		Homo sapiens	embryonic	108 days												/replicates/83b570d4-64db-4388-b6b8-7c5c9aea1def/				
/experiments/ENCSR246OTF/	ENCSR246OTF	long read RNA-seq	long read RNA-seq	tissue				Homo sapiens lung tissue male embryo (108 days)	lung			John Stamatoyannopoulos, UW	ENCODE	in progress	/files/ENCFF691NIY/,/files/ENCFF923EMI/		ENCBS740DTJ	1	1		Homo sapiens	embryonic	108 days												/replicates/02109997-bc34-48d7-88ce-f0dcdb7705f4/				
/experiments/ENCSR710UTX/	ENCSR710UTX	long read RNA-seq	long read RNA-seq	tissue				Homo sapiens stomach tissue female embryo (121 days)	stomach			John Stamatoyannopoulos, UW	ENCODE	in progress	/files/ENCFF191TNL/,/files/ENCFF855HZQ/		ENCBS330EKK	1	1		Homo sapiens	embryonic	121 days												/replicates/f36cf3e1-e593-4a09-9a90-6de60c763aa4/				
/experiments/ENCSR887OJA/	ENCSR887OJA	long read RNA-seq	long read RNA-seq	tissue				Homo sapiens brain tissue male embryo (101 days)	brain			John Stamatoyannopoulos, UW	ENCODE	in progress	/files/ENCFF981LXO/,/files/ENCFF050TMK/		ENCBS263QHM	1	1		Homo sapiens	embryonic	101 days												/replicates/bbc6552a-4260-40f7-9d93-411d89dcaf03/				
/experiments/ENCSR457CLX/	ENCSR457CLX	long read RNA-seq	long read RNA-seq	tissue				Homo sapiens muscle of arm tissue female embryo (108 days)	muscle of arm			John Stamatoyannopoulos, UW	ENCODE	in progress	/files/ENCFF346JKU/,/files/ENCFF406EWA/		ENCBS652EAN	1	1		Homo sapiens	embryonic	108 days												/replicates/6403e302-9884-47e3-aaba-0a48c6cd42c0/				
/experiments/ENCSR431KBL/	ENCSR431KBL	long read RNA-seq	long read RNA-seq	tissue				Homo sapiens stomach tissue female embryo (105 days)	stomach			John Stamatoyannopoulos, UW	ENCODE	in progress	/files/ENCFF457YSW/,/files/ENCFF114TBK/		ENCBS288AYP	1	1		Homo sapiens	embryonic	105 days												/replicates/45c8eedf-afeb-49f8-8bb1-27bc02beb605/				
/experiments/ENCSR503DHX/	ENCSR503DHX	long read RNA-seq	long read RNA-seq	tissue				Homo sapiens renal pelvis tissue male embryo (105 days)	renal pelvis			John Stamatoyannopoulos, UW	ENCODE	in progress	/files/ENCFF972FKJ/,/files/ENCFF585PKM/		ENCBS140CZM	1	1		Homo sapiens	embryonic	105 days												/replicates/55e4803b-5567-4d1f-985e-97d574f7c356/				
/experiments/ENCSR563RLX/	ENCSR563RLX	long read RNA-seq	long read RNA-seq	tissue				Homo sapiens adrenal gland tissue female adult (41 years)	adrenal gland	GEO:GSE219398	ENC4_29 W61 adrenal gland	Ali Mortazavi, UCI	ENCODE	released	/files/ENCFF417ALN/,/files/ENCFF720FPW/,/files/ENCFF791WUV/,/files/ENCFF900XHI/,/files/ENCFF510JWS/,/files/ENCFF315XDC/		ENCBS629ZGV	1	1		Homo sapiens	adult	41 years												/replicates/9b24aadb-c902-4b6a-b568-fd0aac8f157c/				
/experiments/ENCSR859DYW/	ENCSR859DYW	long read RNA-seq	long read RNA-seq	tissue				Homo sapiens brain tissue female embryo (109 days)	brain			John Stamatoyannopoulos, UW	ENCODE	in progress	/files/ENCFF218YWE/,/files/ENCFF154IJJ/		ENCBS162MIW	1	1		Homo sapiens	embryonic	109 days												/replicates/23472701-cb06-4c5f-90a7-1d1eeaf31274/				
/experiments/ENCSR863ZSG/	ENCSR863ZSG	long read RNA-seq	long read RNA-seq	tissue				Homo sapiens large intestine tissue female embryo (120 days)	large intestine			John Stamatoyannopoulos, UW	ENCODE	in progress	/files/ENCFF719ITB/,/files/ENCFF247DTW/		ENCBS150RKS	1	1		Homo sapiens	embryonic	120 days												/replicates/0e166b50-7513-4462-9c23-1a3816066f63/				
/experiments/ENCSR952SBK/	ENCSR952SBK	long read RNA-seq	long read RNA-seq	tissue				Homo sapiens muscle of back tissue female embryo (85 days)	muscle of back			John Stamatoyannopoulos, UW	ENCODE	in progress	/files/ENCFF030BFM/,/files/ENCFF990XOZ/		ENCBS975ZZI	1	1		Homo sapiens	embryonic	85 days												/replicates/2e412495-9d80-45e0-9abf-7ad6274cc02b/				
/experiments/ENCSR458UIY/	ENCSR458UIY	long read RNA-seq	long read RNA-seq	tissue				Homo sapiens adrenal gland tissue male embryo (85 days)	adrenal gland			John Stamatoyannopoulos, UW	ENCODE	in progress	/files/ENCFF091TCG/,/files/ENCFF854IPP/		ENCBS277YPY	1	1		Homo sapiens	embryonic	85 days												/replicates/e250087c-7405-4467-a595-28ec92fe4af5/				
/experiments/ENCSR961RJV/	ENCSR961RJV	long read RNA-seq	long read RNA-seq	tissue				Homo sapiens renal cortex interstitium tissue male embryo (105 days)	renal cortex interstitium			John Stamatoyannopoulos, UW	ENCODE	in progress	/files/ENCFF698CEU/,/files/ENCFF647NCM/		ENCBS992YNH	1	1		Homo sapiens	embryonic	105 days												/replicates/61a01067-fee2-49b8-a182-584dc7fd941b/				
/experiments/ENCSR558FSR/	ENCSR558FSR	long read RNA-seq	long read RNA-seq	tissue				Homo sapiens renal pelvis tissue male embryo (105 days)	renal pelvis			John Stamatoyannopoulos, UW	ENCODE	in progress	/files/ENCFF805XWQ/,/files/ENCFF587LQX/		ENCBS677PZN	1	1		Homo sapiens	embryonic	105 days												/replicates/2a0811dc-2f74-4559-8458-00a3e61dfe5e/				
/experiments/ENCSR210ICG/	ENCSR210ICG	long read RNA-seq	long read RNA-seq	tissue				Homo sapiens muscle of trunk tissue female embryo (113 days)	muscle of trunk			John Stamatoyannopoulos, UW	ENCODE	in progress	/files/ENCFF168MNP/,/files/ENCFF944HPZ/		ENCBS549IUS	1	1		Homo sapiens	embryonic	113 days												/replicates/1a260f7a-98a1-4fba-8d57-4f096be894f4/				
/experiments/ENCSR813KVN/	ENCSR813KVN	long read RNA-seq	long read RNA-seq	tissue				Homo sapiens muscle of leg tissue male embryo (104 days)	muscle of leg			John Stamatoyannopoulos, UW	ENCODE	in progress	/files/ENCFF392KPQ/,/files/ENCFF022UTV/		ENCBS810RAL	1	1		Homo sapiens	embryonic	104 days												/replicates/e8af2789-caa7-4e2f-b739-7da691a5ad64/				
/experiments/ENCSR228HRA/	ENCSR228HRA	long read RNA-seq	long read RNA-seq	tissue				Homo sapiens left lung tissue male embryo (105 days)	left lung			John Stamatoyannopoulos, UW	ENCODE	in progress	/files/ENCFF813KML/,/files/ENCFF373ANR/		ENCBS813EHD	1	1		Homo sapiens	embryonic	105 days												/replicates/6e6af3c2-db25-4a0a-b57e-983aebe384ca/				
/experiments/ENCSR555FAZ/	ENCSR555FAZ	long read RNA-seq	long read RNA-seq	tissue				Homo sapiens large intestine tissue male embryo (105 days)	large intestine			John Stamatoyannopoulos, UW	ENCODE	in progress	/files/ENCFF852ETM/,/files/ENCFF062RVD/		ENCBS540OFM	1	1		Homo sapiens	embryonic	105 days												/replicates/82b8b389-b2fa-48f7-b514-8537c74d59ac/				
/experiments/ENCSR638WIV/	ENCSR638WIV	long read RNA-seq	long read RNA-seq	tissue				Homo sapiens placenta tissue male embryo (91 days)	placenta			John Stamatoyannopoulos, UW	ENCODE	in progress	/files/ENCFF729KEL/,/files/ENCFF222JLP/		ENCBS444TAO	1	1		Homo sapiens	embryonic	91 days												/replicates/31c8a6d2-d3e3-4686-9a09-530abffa1ceb/				
/experiments/ENCSR294LJB/	ENCSR294LJB	long read RNA-seq	long read RNA-seq	tissue				Homo sapiens adrenal gland tissue female embryo (113 days)	adrenal gland			John Stamatoyannopoulos, UW	ENCODE	in progress	/files/ENCFF671HVQ/,/files/ENCFF466GCN/		ENCBS306FKK	1	1		Homo sapiens	embryonic	113 days												/replicates/6f40f9ae-52de-4a73-aaa9-45b1cc0c180b/				
/experiments/ENCSR504PXZ/	ENCSR504PXZ	long read RNA-seq	long read RNA-seq	tissue				Homo sapiens muscle of trunk tissue female embryo (120 days)	muscle of trunk			John Stamatoyannopoulos, UW	ENCODE	in progress	/files/ENCFF658YKT/,/files/ENCFF991XQY/		ENCBS964RCC	1	1		Homo sapiens	embryonic	120 days												/replicates/c3baea20-c3a8-42c3-9be2-b273fcedae15/				
/experiments/ENCSR934VNZ/	ENCSR934VNZ	long read RNA-seq	long read RNA-seq	tissue				Homo sapiens heart tissue female embryo (147 days)	heart			John Stamatoyannopoulos, UW	ENCODE	in progress	/files/ENCFF057IGA/,/files/ENCFF329WFX/		ENCBS692EIN	1	1		Homo sapiens	embryonic	147 days												/replicates/004455f2-547b-46d8-a730-834885c2d3e4/				
/experiments/ENCSR071XIZ/	ENCSR071XIZ	long read RNA-seq	long read RNA-seq	tissue				Homo sapiens stomach tissue female embryo (96 days)	stomach			John Stamatoyannopoulos, UW	ENCODE	in progress	/files/ENCFF759MFP/,/files/ENCFF448JMR/		ENCBS939KSM	1	1		Homo sapiens	embryonic	96 days												/replicates/ba63f8d0-c74b-4477-85f4-d3e4c716b0d3/				
/experiments/ENCSR270XWF/	ENCSR270XWF	long read RNA-seq	long read RNA-seq	tissue				Homo sapiens left kidney tissue female embryo (110 days)	left kidney			John Stamatoyannopoulos, UW	ENCODE	in progress	/files/ENCFF941BUE/,/files/ENCFF803UQO/		ENCBS765ZMU	1	1		Homo sapiens	embryonic	110 days												/replicates/d0b5faeb-e06a-4317-84a5-180524890807/				
/experiments/ENCSR300AUI/	ENCSR300AUI	long read RNA-seq	long read RNA-seq	tissue				Homo sapiens left kidney tissue male embryo (115 days)	left kidney			John Stamatoyannopoulos, UW	ENCODE	in progress	/files/ENCFF111EMV/,/files/ENCFF794FGC/		ENCBS424AKW	1	1		Homo sapiens	embryonic	115 days												/replicates/8ccf6ff8-040d-4643-a311-94b04afd6924/				
/experiments/ENCSR324XFA/	ENCSR324XFA	long read RNA-seq	long read RNA-seq	tissue				Homo sapiens left kidney tissue male embryo (87 days)	left kidney			John Stamatoyannopoulos, UW	ENCODE	in progress	/files/ENCFF524FKV/,/files/ENCFF593GIB/		ENCBS058XIV	1	1		Homo sapiens	embryonic	87 days												/replicates/1a341283-c850-4874-9c11-6f705613670e/				
/experiments/ENCSR989PGQ/	ENCSR989PGQ	long read RNA-seq	long read RNA-seq	tissue				Homo sapiens muscle of arm tissue male embryo (91 days)	muscle of arm			John Stamatoyannopoulos, UW	ENCODE	in progress	/files/ENCFF180THV/,/files/ENCFF935ZXW/		ENCBS859GFP	1	1		Homo sapiens	embryonic	91 days												/replicates/677f16a3-a773-4455-a1c6-89cbdbc9a94b/				
/experiments/ENCSR247GVU/	ENCSR247GVU	long read RNA-seq	long read RNA-seq	tissue				Homo sapiens left kidney tissue male embryo (96 days)	left kidney			John Stamatoyannopoulos, UW	ENCODE	in progress	/files/ENCFF618ZJL/,/files/ENCFF692LCY/		ENCBS818DFZ	1	1		Homo sapiens	embryonic	96 days												/replicates/aca846e2-1f72-4e04-850c-fde25d9b31c6/				
/experiments/ENCSR186JQU/	ENCSR186JQU	long read RNA-seq	long read RNA-seq	tissue				Homo sapiens left lung tissue male embryo (91 days)	left lung			John Stamatoyannopoulos, UW	ENCODE	in progress	/files/ENCFF637XSV/,/files/ENCFF876IWV/		ENCBS370ANL	1	1		Homo sapiens	embryonic	91 days												/replicates/42db4008-7669-4773-913b-0696e294dd84/				
/experiments/ENCSR730RYS/	ENCSR730RYS	long read RNA-seq	long read RNA-seq	tissue				Homo sapiens left lung tissue female embryo (91 days)	left lung			John Stamatoyannopoulos, UW	ENCODE	in progress	/files/ENCFF354YEG/,/files/ENCFF979ZIF/		ENCBS837XWY	1	1		Homo sapiens	embryonic	91 days												/replicates/9191bb07-57ef-4f46-8e62-3adfb6b52f68/				
/experiments/ENCSR891GFR/	ENCSR891GFR	long read RNA-seq	long read RNA-seq	tissue				Homo sapiens adrenal gland tissue male embryo (108 days)	adrenal gland			John Stamatoyannopoulos, UW	ENCODE	in progress	/files/ENCFF247IES/,/files/ENCFF178JDY/		ENCBS647ZQM	1	1		Homo sapiens	embryonic	108 days												/replicates/01c1511e-5207-41bf-a6f5-1099c579f422/				
/experiments/ENCSR008AXU/	ENCSR008AXU	long read RNA-seq	long read RNA-seq	tissue				Homo sapiens heart tissue female embryo (91 days)	heart			John Stamatoyannopoulos, UW	ENCODE	in progress	/files/ENCFF073EQP/,/files/ENCFF305XFP/		ENCBS945CEQ	1	1		Homo sapiens	embryonic	91 days												/replicates/79b036c8-63e0-431c-befb-dcbfb03932d4/				
/experiments/ENCSR681DGI/	ENCSR681DGI	long read RNA-seq	long read RNA-seq	tissue				Homo sapiens left lung tissue male embryo (96 days)	left lung			John Stamatoyannopoulos, UW	ENCODE	in progress	/files/ENCFF437AKE/,/files/ENCFF942YGY/		ENCBS666IYH	1	1		Homo sapiens	embryonic	96 days												/replicates/a83e23ff-7986-4a4b-8509-efd059ef4313/				
/experiments/ENCSR941IFA/	ENCSR941IFA	long read RNA-seq	long read RNA-seq	tissue				Homo sapiens kidney tissue female embryo (105 days)	kidney			John Stamatoyannopoulos, UW	ENCODE	in progress	/files/ENCFF772FEU/,/files/ENCFF935UKH/		ENCBS578ZPC	1	1		Homo sapiens	embryonic	105 days												/replicates/634f7c2e-b0fc-4ee8-9dd9-11378bade726/				
/experiments/ENCSR457PDH/	ENCSR457PDH	long read RNA-seq	long read RNA-seq	tissue				Homo sapiens renal pelvis tissue female embryo (105 days)	renal pelvis			John Stamatoyannopoulos, UW	ENCODE	in progress	/files/ENCFF268GGD/,/files/ENCFF461JDN/		ENCBS049MTD	1	1		Homo sapiens	embryonic	105 days												/replicates/952aba6e-d8a0-43a1-851f-5663d053a136/				
/experiments/ENCSR602MDH/	ENCSR602MDH	long read RNA-seq	long read RNA-seq	tissue				Homo sapiens spleen tissue male embryo (120 days)	spleen			John Stamatoyannopoulos, UW	ENCODE	in progress	/files/ENCFF550JFE/,/files/ENCFF869CKR/		ENCBS904VGJ	1	1		Homo sapiens	embryonic	120 days												/replicates/17663582-781c-4ade-9e13-0209df23cb4e/				
/experiments/ENCSR328GKH/	ENCSR328GKH	long read RNA-seq	long read RNA-seq	tissue				Homo sapiens right lung tissue female embryo (107 days)	right lung			John Stamatoyannopoulos, UW	ENCODE	in progress	/files/ENCFF659KOB/,/files/ENCFF642TSC/		ENCBS424FCT	1	1		Homo sapiens	embryonic	107 days												/replicates/e21dc678-ceaa-4a0d-98f1-440699ccb559/				
/experiments/ENCSR598BKD/	ENCSR598BKD	long read RNA-seq	long read RNA-seq	tissue				Homo sapiens right lung tissue female embryo (105 days)	right lung			John Stamatoyannopoulos, UW	ENCODE	in progress	/files/ENCFF852OPB/,/files/ENCFF683QLE/		ENCBS358EAY	1	1		Homo sapiens	embryonic	105 days												/replicates/5d900680-66ea-46d2-a6fe-8300b85aede1/				
/experiments/ENCSR098FNB/	ENCSR098FNB	long read RNA-seq	long read RNA-seq	tissue				Homo sapiens large intestine tissue female embryo (108 days)	large intestine			John Stamatoyannopoulos, UW	ENCODE	in progress	/files/ENCFF722PXZ/,/files/ENCFF867TGC/		ENCBS493XQP	1	1		Homo sapiens	embryonic	108 days												/replicates/77fccee9-bbf0-4bec-b21b-061e34d66a65/				
/experiments/ENCSR219RPB/	ENCSR219RPB	long read RNA-seq	long read RNA-seq	tissue				Homo sapiens large intestine tissue female embryo (103 days)	large intestine			John Stamatoyannopoulos, UW	ENCODE	in progress	/files/ENCFF592MUU/,/files/ENCFF894YTQ/		ENCBS115BRD	1	1		Homo sapiens	embryonic	103 days												/replicates/9286435a-ebdc-4649-85b7-c865443d2f53/				
/experiments/ENCSR410YNQ/	ENCSR410YNQ	long read RNA-seq	long read RNA-seq	tissue				Homo sapiens large intestine tissue female embryo (98 days)	large intestine			John Stamatoyannopoulos, UW	ENCODE	in progress	/files/ENCFF025OVI/,/files/ENCFF526LSZ/		ENCBS472ZYM	1	1		Homo sapiens	embryonic	98 days												/replicates/6f1b460d-be4c-4188-844f-11a551ede29b/				
/experiments/ENCSR683JMZ/	ENCSR683JMZ	long read RNA-seq	long read RNA-seq	tissue				Homo sapiens small intestine tissue female embryo (91 days)	small intestine			John Stamatoyannopoulos, UW	ENCODE	in progress	/files/ENCFF288LPU/,/files/ENCFF944NSK/		ENCBS395MDO	1	1		Homo sapiens	embryonic	91 days												/replicates/0906add1-a846-47df-8b9a-c243f320ce4b/				
/experiments/ENCSR636RRH/	ENCSR636RRH	long read RNA-seq	long read RNA-seq	tissue				Homo sapiens heart tissue female embryo (103 days)	heart			John Stamatoyannopoulos, UW	ENCODE	in progress	/files/ENCFF432XHR/,/files/ENCFF612ZWB/		ENCBS609WOE	1	1		Homo sapiens	embryonic	103 days												/replicates/0babf418-7e70-4cab-abb0-5cfa98ef971e/				
/experiments/ENCSR179EYZ/	ENCSR179EYZ	long read RNA-seq	long read RNA-seq	tissue				Homo sapiens stomach tissue female embryo	stomach			John Stamatoyannopoulos, UW	ENCODE	in progress	/files/ENCFF909TXT/,/files/ENCFF129LOU/		ENCBS525FUP	1	1		Homo sapiens	embryonic													/replicates/0e7c46f7-e889-40c8-ba73-89acfe1d8db3/				
/experiments/ENCSR602XVJ/	ENCSR602XVJ	long read RNA-seq	long read RNA-seq	tissue				Homo sapiens right lung tissue male embryo (87 days)	right lung			John Stamatoyannopoulos, UW	ENCODE	in progress	/files/ENCFF635LSA/,/files/ENCFF173TIZ/		ENCBS854EOM	1	1		Homo sapiens	embryonic	87 days												/replicates/f6aef318-d2ee-4d02-b113-97d4a939748b/				
/experiments/ENCSR930RNO/	ENCSR930RNO	long read RNA-seq	long read RNA-seq	tissue				Homo sapiens heart tissue female embryo (117 days)	heart			John Stamatoyannopoulos, UW	ENCODE	in progress	/files/ENCFF489YWH/,/files/ENCFF371EOJ/		ENCBS722NUF	1	1		Homo sapiens	embryonic	117 days												/replicates/a8a83ae5-49d6-4982-bfb9-dbfb45da59a2/				
/experiments/ENCSR655VWF/	ENCSR655VWF	long read RNA-seq	long read RNA-seq	tissue				Homo sapiens right kidney tissue male embryo (115 days)	right kidney			John Stamatoyannopoulos, UW	ENCODE	in progress	/files/ENCFF702GFY/,/files/ENCFF685NYA/		ENCBS406KYT	1	1		Homo sapiens	embryonic	115 days												/replicates/7a9df21e-81c5-41d3-906c-190d91155b51/				
/experiments/ENCSR526NUC/	ENCSR526NUC	long read RNA-seq	long read RNA-seq	tissue				Homo sapiens thymus tissue female embryo (105 days)	thymus			John Stamatoyannopoulos, UW	ENCODE	in progress	/files/ENCFF593AEX/,/files/ENCFF794UIT/		ENCBS185CYM	1	1		Homo sapiens	embryonic	105 days												/replicates/9f6118aa-5df1-4a9d-a84a-450ac7c28540/				
/experiments/ENCSR057UZA/	ENCSR057UZA	long read RNA-seq	long read RNA-seq	tissue				Homo sapiens renal cortex interstitium tissue female embryo (89 days)	renal cortex interstitium			John Stamatoyannopoulos, UW	ENCODE	in progress	/files/ENCFF387PNQ/,/files/ENCFF562PKI/		ENCBS254OLB	1	1		Homo sapiens	embryonic	89 days												/replicates/14b71fc5-5446-46e4-8e4e-3cfbc845eacc/				
/experiments/ENCSR137BTX/	ENCSR137BTX	long read RNA-seq	long read RNA-seq	tissue				Homo sapiens renal cortex interstitium tissue female embryo (96 days)	renal cortex interstitium			John Stamatoyannopoulos, UW	ENCODE	in progress	/files/ENCFF929REW/,/files/ENCFF671DFA/		ENCBS783KKU	1	1		Homo sapiens	embryonic	96 days												/replicates/3c0b7d77-39e5-4bd9-b6db-d54199f65c9f/				
/experiments/ENCSR527XXI/	ENCSR527XXI	long read RNA-seq	long read RNA-seq	tissue				Homo sapiens small intestine tissue male embryo (108 days)	small intestine			John Stamatoyannopoulos, UW	ENCODE	in progress	/files/ENCFF805JCC/,/files/ENCFF562MSE/		ENCBS162DUO	1	1		Homo sapiens	embryonic	108 days												/replicates/8524f4ed-bdfd-4382-a3ae-f0aad648614e/				
/experiments/ENCSR281BDV/	ENCSR281BDV	long read RNA-seq	long read RNA-seq	tissue				Homo sapiens left kidney tissue female embryo (107 days)	left kidney			John Stamatoyannopoulos, UW	ENCODE	in progress	/files/ENCFF255ROI/,/files/ENCFF228XPM/		ENCBS900HNI	1	1		Homo sapiens	embryonic	107 days												/replicates/e96c60a0-2921-4d9e-92c4-c1152cf6dd01/				
/experiments/ENCSR540GZD/	ENCSR540GZD	long read RNA-seq	long read RNA-seq	tissue				Homo sapiens muscle of back tissue male embryo (105 days)	muscle of back			John Stamatoyannopoulos, UW	ENCODE	in progress	/files/ENCFF083QXA/,/files/ENCFF819DVN/		ENCBS620CHX	1	1		Homo sapiens	embryonic	105 days												/replicates/54511a98-45c0-47e9-99e5-2f1a23bf0f6c/				
/experiments/ENCSR054SPN/	ENCSR054SPN	long read RNA-seq	long read RNA-seq	tissue				Homo sapiens right kidney tissue male embryo (108 days)	right kidney			John Stamatoyannopoulos, UW	ENCODE	in progress	/files/ENCFF850RIL/,/files/ENCFF661VVC/		ENCBS026NKC	1	1		Homo sapiens	embryonic	108 days												/replicates/db41379c-58c3-4d7e-8683-7dd69fc16cc0/				
/experiments/ENCSR760VAB/	ENCSR760VAB	long read RNA-seq	long read RNA-seq	tissue				Homo sapiens renal cortex interstitium tissue male embryo (91 days)	renal cortex interstitium			John Stamatoyannopoulos, UW	ENCODE	in progress	/files/ENCFF688KXF/,/files/ENCFF741SEE/		ENCBS519LQI	1	1		Homo sapiens	embryonic	91 days												/replicates/8b664d85-c237-44ad-9d14-de37be65acff/				
/experiments/ENCSR267ZNP/	ENCSR267ZNP	long read RNA-seq	long read RNA-seq	tissue				Homo sapiens renal pelvis tissue male embryo (108 days)	renal pelvis			John Stamatoyannopoulos, UW	ENCODE	in progress	/files/ENCFF960SJR/,/files/ENCFF431TGK/		ENCBS444UQZ	1	1		Homo sapiens	embryonic	108 days												/replicates/86dff209-efd9-4b61-af14-a9eddf40eb08/				
/experiments/ENCSR063MJL/	ENCSR063MJL	long read RNA-seq	long read RNA-seq	tissue				Homo sapiens thymus tissue female embryo	thymus			John Stamatoyannopoulos, UW	ENCODE	in progress	/files/ENCFF080DZP/,/files/ENCFF101HGF/		ENCBS986ATM	1	1		Homo sapiens	embryonic													/replicates/7c777233-5e1c-4870-8940-e651b9d2912c/				
/experiments/ENCSR260VXZ/	ENCSR260VXZ	long read RNA-seq	long read RNA-seq	tissue				Homo sapiens right kidney tissue female embryo (87 days)	right kidney			John Stamatoyannopoulos, UW	ENCODE	in progress	/files/ENCFF962ROK/,/files/ENCFF818KRI/		ENCBS981NIH	1	1		Homo sapiens	embryonic	87 days												/replicates/542258db-a485-4a40-8e84-7363d3fd3d4d/				
/experiments/ENCSR799GBH/	ENCSR799GBH	long read RNA-seq	long read RNA-seq	tissue				Homo sapiens kidney tissue female embryo (121 days)	kidney			John Stamatoyannopoulos, UW	ENCODE	in progress	/files/ENCFF348TVX/,/files/ENCFF487NWQ/		ENCBS817ZLE	1	1		Homo sapiens	embryonic	121 days												/replicates/81273eb9-f54c-4a94-bac4-6d919a596836/				
/experiments/ENCSR213OVS/	ENCSR213OVS	long read RNA-seq	long read RNA-seq	tissue				Homo sapiens muscle of back tissue female embryo (98 days)	muscle of back			John Stamatoyannopoulos, UW	ENCODE	in progress	/files/ENCFF948LIQ/,/files/ENCFF862KBS/		ENCBS181REZ	1	1		Homo sapiens	embryonic	98 days												/replicates/78ffc2af-4f45-4a06-aa86-b9117db4ef4d/				
/experiments/ENCSR641JDY/	ENCSR641JDY	long read RNA-seq	long read RNA-seq	tissue				Homo sapiens thymus tissue male embryo (97 days)	thymus			John Stamatoyannopoulos, UW	ENCODE	in progress	/files/ENCFF398SUB/,/files/ENCFF436PZE/		ENCBS302LML	1	1		Homo sapiens	embryonic	97 days												/replicates/3f9a94c6-b446-4cb5-ad31-6fb911cbde06/				
/experiments/ENCSR122FHJ/	ENCSR122FHJ	long read RNA-seq	long read RNA-seq	tissue				Homo sapiens stomach tissue embryo (101 days)	stomach			John Stamatoyannopoulos, UW	ENCODE	in progress	/files/ENCFF667AWD/,/files/ENCFF793KSR/		ENCBS874TAK	1	1		Homo sapiens	embryonic	101 days												/replicates/3f046857-bfab-471a-b96f-2044bf599e89/				
/experiments/ENCSR229ICS/	ENCSR229ICS	long read RNA-seq	long read RNA-seq	tissue				Homo sapiens renal pelvis tissue male embryo (120 days)	renal pelvis			John Stamatoyannopoulos, UW	ENCODE	in progress	/files/ENCFF537LBE/,/files/ENCFF696FWF/		ENCBS604TSI	1	1		Homo sapiens	embryonic	120 days												/replicates/6404497b-5d94-4514-b28a-9452fdefa1da/				
/experiments/ENCSR660EZD/	ENCSR660EZD	long read RNA-seq	long read RNA-seq	tissue				Homo sapiens left kidney tissue female embryo (87 days)	left kidney			John Stamatoyannopoulos, UW	ENCODE	in progress	/files/ENCFF792BGB/,/files/ENCFF817SGG/		ENCBS187WLN	1	1		Homo sapiens	embryonic	87 days												/replicates/1e850685-8c9f-46ea-959b-ceee2f067d81/				
/experiments/ENCSR697CGA/	ENCSR697CGA	long read RNA-seq	long read RNA-seq	tissue				Homo sapiens thymus tissue male embryo (104 days)	thymus			John Stamatoyannopoulos, UW	ENCODE	in progress	/files/ENCFF828TNS/,/files/ENCFF698BII/		ENCBS290BRD	1	1		Homo sapiens	embryonic	104 days												/replicates/3183a608-dea6-4bb6-adb0-a1aeb356341e/				
/experiments/ENCSR287XKO/	ENCSR287XKO	long read RNA-seq	long read RNA-seq	tissue				Homo sapiens right lung tissue female embryo (117 days)	right lung			John Stamatoyannopoulos, UW	ENCODE	in progress	/files/ENCFF448JGD/,/files/ENCFF705UBQ/		ENCBS565ILB	1	1		Homo sapiens	embryonic	117 days												/replicates/2c02bed0-4ec0-4525-a39f-4fb3e9c7119e/				
/experiments/ENCSR469YWQ/	ENCSR469YWQ	long read RNA-seq	long read RNA-seq	tissue				Homo sapiens kidney tissue male embryo (85 days)	kidney			John Stamatoyannopoulos, UW	ENCODE	in progress	/files/ENCFF664EHF/,/files/ENCFF864OSG/		ENCBS767UZF	1	1		Homo sapiens	embryonic	85 days												/replicates/d0d08e4e-4860-449b-9998-c365855a81db/				
/experiments/ENCSR616YXE/	ENCSR616YXE	long read RNA-seq	long read RNA-seq	tissue				Homo sapiens lung tissue male embryo (82 days)	lung			John Stamatoyannopoulos, UW	ENCODE	in progress	/files/ENCFF735NWL/,/files/ENCFF439FCZ/		ENCBS931PHM	1	1		Homo sapiens	embryonic	82 days												/replicates/c16f8279-218d-44a6-9fb2-b3cd4c6699d7/				
/experiments/ENCSR796ZII/	ENCSR796ZII	long read RNA-seq	long read RNA-seq	tissue				Homo sapiens muscle of arm tissue female embryo (115 days)	muscle of arm			John Stamatoyannopoulos, UW	ENCODE	in progress	/files/ENCFF788XMT/,/files/ENCFF587KWT/		ENCBS849AYJ	1	1		Homo sapiens	embryonic	115 days												/replicates/811e19bf-7ce2-40ed-8596-1d459abcb758/				
/experiments/ENCSR673QLQ/	ENCSR673QLQ	long read RNA-seq	long read RNA-seq	tissue				Homo sapiens brain tissue embryo	brain			Roderic Guigo, CRG	community	in progress	/files/ENCFF773XFI/		ENCBS439EKO	1	1		Homo sapiens	embryonic													/replicates/f58e48c9-3172-40fa-b513-a96b3f9c301c/				CapTrap
/experiments/ENCSR341DRC/	ENCSR341DRC	long read RNA-seq	long read RNA-seq	tissue				Homo sapiens heart tissue embryo	heart			Roderic Guigo, CRG	community	in progress	/files/ENCFF309DAU/		ENCBS638OZB	1	1		Homo sapiens	embryonic													/replicates/bfc0a190-4ae8-40d3-a12c-1711c8e51c6c/				CapTrap
/experiments/ENCSR990UUP/	ENCSR990UUP	long read RNA-seq	long read RNA-seq	tissue				Homo sapiens liver tissue male adult	liver			Roderic Guigo, CRG	community	in progress	/files/ENCFF658DSS/		ENCBS089ZMV	1	1		Homo sapiens	adult													/replicates/30527d29-7533-4f04-8ab8-5b1980c581d1/				CapTrap
/experiments/ENCSR507WZC/	ENCSR507WZC	long read RNA-seq	long read RNA-seq	tissue				Homo sapiens ovary tissue female adult (61 years)	ovary	GEO:GSE175316	ENC4_72 W80 ovary	Ali Mortazavi, UCI	ENCODE	released	/files/ENCFF422XLS/,/files/ENCFF692VYV/,/files/ENCFF664IVZ/,/files/ENCFF984RMR/,/files/ENCFF741VRA/		ENCBS250FEP	1	1		Homo sapiens	adult	61 years												/replicates/93a930b3-6c3b-4e53-bd4c-2e6df0aea7db/				
/experiments/ENCSR514YQN/	ENCSR514YQN	long read RNA-seq	long read RNA-seq	tissue				Homo sapiens right cardiac atrium tissue female adult (46 years)	right cardiac atrium	GEO:GSE174863	ENC4_59 W72 right cardiac atrium	Ali Mortazavi, UCI	ENCODE	released	/files/ENCFF722JJS/,/files/ENCFF613SDS/,/files/ENCFF592ULG/,/files/ENCFF973OHW/,/files/ENCFF266ZMG/		ENCBS341KAA	1	1		Homo sapiens	adult	46 years												/replicates/b3cad3f9-e9c9-4a01-891c-1ce0f2eec14b/				
/experiments/ENCSR853YZN/	ENCSR853YZN	long read RNA-seq	long read RNA-seq	tissue				Homo sapiens posterior vena cava tissue female adult (47 years)	posterior vena cava	GEO:GSE219832	W71 posterior vena cava ENC4_101	Ali Mortazavi, UCI	ENCODE	released	/files/ENCFF960KBO/,/files/ENCFF683LQL/,/files/ENCFF693YCD/,/files/ENCFF816MFR/,/files/ENCFF710OYJ/,/files/ENCFF185TTU/		ENCBS741WNS	1	1		Homo sapiens	adult	47 years												/replicates/0c6fb0f2-1989-4e29-9cc6-c3d6eb1e66a5/				
/experiments/ENCSR096QUP/	ENCSR096QUP	long read RNA-seq	long read RNA-seq	tissue				Homo sapiens upper lobe of right lung tissue male adult (60 years)	upper lobe of right lung	GEO:GSE219455	ENC4_82 W78 upper lobe of right lung	Ali Mortazavi, UCI	ENCODE	released	/files/ENCFF934MBW/,/files/ENCFF835YYO/,/files/ENCFF614PTQ/,/files/ENCFF449MVA/,/files/ENCFF990BCH/,/files/ENCFF607LRR/		ENCBS496CPG	1	1		Homo sapiens	adult	60 years												/replicates/accee038-8223-4d7d-8d84-ef6f5f8664d1/				
/experiments/ENCSR450GAR/	ENCSR450GAR	long read RNA-seq	long read RNA-seq	tissue				Homo sapiens left colon tissue female adult (59 years)	left colon	GEO:GSE219850	W73 left colon ENC4_87	Ali Mortazavi, UCI	ENCODE	released	/files/ENCFF245MBY/,/files/ENCFF348OLI/,/files/ENCFF333TYO/,/files/ENCFF425MUM/,/files/ENCFF970ZPO/,/files/ENCFF886FZQ/		ENCBS908TVF	1	1		Homo sapiens	adult	59 years												/replicates/78e68c81-c662-4a54-8592-fea24ab9e250/				
/experiments/ENCSR700EBI/	ENCSR700EBI	long read RNA-seq	long read RNA-seq	tissue				Homo sapiens aorta tissue female adult (41 years)	aorta	GEO:GSE219980	W61 aorta ENC4_88	Ali Mortazavi, UCI	ENCODE	released	/files/ENCFF144KHH/,/files/ENCFF899CSY/,/files/ENCFF266NIM/,/files/ENCFF532XQF/,/files/ENCFF262UCC/,/files/ENCFF099TJN/		ENCBS481ZAB	1	1		Homo sapiens	adult	41 years												/replicates/d11856cd-cfe4-4c06-ba27-730d402266db/				
/experiments/ENCSR323XND/	ENCSR323XND	long read RNA-seq	long read RNA-seq	tissue				Homo sapiens lower lobe of right lung tissue male adult (60 years)	lower lobe of right lung	GEO:GSE219689	W78 lower lobe of right lung ENC4_83	Ali Mortazavi, UCI	ENCODE	released	/files/ENCFF250IWT/,/files/ENCFF494JRH/,/files/ENCFF369PVJ/,/files/ENCFF645HMM/,/files/ENCFF824UPT/,/files/ENCFF767KXS/		ENCBS870VUM	1	1		Homo sapiens	adult	60 years												/replicates/34480865-4f7b-4f05-a3ba-3c83be98e8dd/				
/experiments/ENCSR984OAE/	ENCSR984OAE	long read RNA-seq	long read RNA-seq	tissue				Homo sapiens heart right ventricle tissue male adult (40 years)	heart right ventricle	GEO:GSE175348	ENC4_52 W76 heart right ventricle	Ali Mortazavi, UCI	ENCODE	released	/files/ENCFF425VDL/,/files/ENCFF018PZX/,/files/ENCFF294CAJ/,/files/ENCFF290RMA/,/files/ENCFF514MGQ/		ENCBS632QXG	1	1		Homo sapiens	adult	40 years												/replicates/f616224e-fccf-46b1-8a73-c17a6156cc88/				
/experiments/ENCSR432YKA/	ENCSR432YKA	long read RNA-seq	long read RNA-seq	tissue				Homo sapiens kidney tissue female adult (47 years)	kidney	GEO:GSE175257	ENC4_42 W71 kidney	Ali Mortazavi, UCI	ENCODE	released	/files/ENCFF492BYP/,/files/ENCFF405KOD/,/files/ENCFF239CWJ/,/files/ENCFF531DTY/,/files/ENCFF136PIV/		ENCBS305JCM	1	1		Homo sapiens	adult	47 years												/replicates/792a6842-ceae-449e-adb1-5735fe1bc4f7/				
/experiments/ENCSR803QWH/	ENCSR803QWH	long read RNA-seq	long read RNA-seq	tissue				Homo sapiens psoas muscle tissue female adult (41 years)	psoas muscle	GEO:GSE175190	ENC4_46 W61 psoas #2	Ali Mortazavi, UCI	ENCODE	released	/files/ENCFF630XEC/,/files/ENCFF947ICH/,/files/ENCFF033TUK/,/files/ENCFF193WEX/,/files/ENCFF634KMV/		ENCBS538ZJX	1	1		Homo sapiens	adult	41 years												/replicates/cde3f852-bf40-4ad1-b1c3-44f5a0f47dcb/				
/experiments/ENCSR994YZY/	ENCSR994YZY	long read RNA-seq	long read RNA-seq	tissue				Homo sapiens heart left ventricle tissue male adult (40 years)	heart left ventricle	GEO:GSE175351	ENC4_53 W76 heart left ventricle	Ali Mortazavi, UCI	ENCODE	released	/files/ENCFF602MAI/,/files/ENCFF666QGE/,/files/ENCFF623IBV/,/files/ENCFF878WXP/,/files/ENCFF394ZIU/		ENCBS756BZF	1	1		Homo sapiens	adult	40 years												/replicates/9491171e-c2fd-448d-a1a4-14b50840d614/				
/experiments/ENCSR700XDQ/	ENCSR700XDQ	long read RNA-seq	long read RNA-seq	tissue				Homo sapiens heart left ventricle tissue female adult (46 years)	heart left ventricle	GEO:GSE175058	ENC4_49 W72 heart left ventricle	Ali Mortazavi, UCI	ENCODE	released	/files/ENCFF429JUP/,/files/ENCFF795TPX/,/files/ENCFF502LAB/,/files/ENCFF115LYD/,/files/ENCFF932PTQ/		ENCBS914REQ	1	1		Homo sapiens	adult	46 years												/replicates/a23c7f74-7419-48a1-a9c6-129fb3919164/				
/experiments/ENCSR591OZR/	ENCSR591OZR	long read RNA-seq	long read RNA-seq	tissue				Homo sapiens Right ventricle myocardium inferior tissue male adult (60 years)	Right ventricle myocardium inferior	GEO:GSE174927	ENC4_57 W78 right ventricle myocardium inferior	Ali Mortazavi, UCI	ENCODE	released	/files/ENCFF738UZJ/,/files/ENCFF064VBO/,/files/ENCFF656BTN/,/files/ENCFF173JOL/,/files/ENCFF571CND/		ENCBS705XRW	1	1		Homo sapiens	adult	60 years												/replicates/fdf5de0d-1858-4c0f-98c8-05940a9cc2a0/				
/experiments/ENCSR777CCI/	ENCSR777CCI	long read RNA-seq	long read RNA-seq	tissue				Homo sapiens left ventricle myocardium superior tissue male adult (60 years)	left ventricle myocardium superior	GEO:GSE175124	ENC4_54 W78 left ventricle myocardium superior	Ali Mortazavi, UCI	ENCODE	released	/files/ENCFF624IQY/,/files/ENCFF850YMO/,/files/ENCFF560GYE/,/files/ENCFF865IXS/,/files/ENCFF541FGD/		ENCBS165LTN	1	1		Homo sapiens	adult	60 years												/replicates/4930c0c4-7d20-49fb-b204-a78c47485f67/				
/experiments/ENCSR803XXZ/	ENCSR803XXZ	long read RNA-seq	long read RNA-seq	tissue				Homo sapiens mucosa of descending colon tissue female adult (61 years)	mucosa of descending colon	GEO:GSE143132	ENC4_78 W80 mucosa of descending colon	Ali Mortazavi, UCI	ENCODE	released	/files/ENCFF511AVQ/,/files/ENCFF780YNG/,/files/ENCFF198RKB/,/files/ENCFF637DKU/,/files/ENCFF755ALG/,/files/ENCFF731THW/,/files/ENCFF932COO/,/files/ENCFF875MQS/,/files/ENCFF099CDN/		ENCBS825BLU	1	1		Homo sapiens	adult	61 years												/replicates/86a91fb4-1a66-427e-8f45-29308dccb965/				
/experiments/ENCSR553SVP/	ENCSR553SVP	long read RNA-seq	long read RNA-seq	tissue				Homo sapiens right cardiac atrium tissue female adult (59 years)	right cardiac atrium	GEO:GSE174899	ENC4_36 W73 cardiac right atrium	Ali Mortazavi, UCI	ENCODE	released	/files/ENCFF899MTI/,/files/ENCFF819CFZ/,/files/ENCFF046EOU/,/files/ENCFF911RNV/,/files/ENCFF861GRI/		ENCBS911SOZ	1	1		Homo sapiens	adult	59 years												/replicates/3c992687-d459-4a30-bd71-6619e46e8dd5/				
/experiments/ENCSR648QZP/	ENCSR648QZP	long read RNA-seq	long read RNA-seq	tissue				Homo sapiens mesenteric fat pad tissue female adult (59 years)	mesenteric fat pad	GEO:GSE175039	ENC4_93 W73 mesenteric fat pad FLASH	Ali Mortazavi, UCI	ENCODE	released	/files/ENCFF907SZK/,/files/ENCFF704ZHX/,/files/ENCFF248XYR/,/files/ENCFF971JDY/,/files/ENCFF025MQM/		ENCBS232CCX	1	1		Homo sapiens	adult	59 years												/replicates/82401f07-f0f8-4f83-aede-be24d9ca0451/				
/experiments/ENCSR424QFN/	ENCSR424QFN	long read RNA-seq	long read RNA-seq	tissue				Homo sapiens left cardiac atrium tissue female adult (59 years)	left cardiac atrium	GEO:GSE219818	ENC4_60 W73 left cardiac atrium	Ali Mortazavi, UCI	ENCODE	released	/files/ENCFF920VXE/,/files/ENCFF344KQF/,/files/ENCFF131UMN/,/files/ENCFF698WNB/,/files/ENCFF334DRC/,/files/ENCFF202VEN/		ENCBS034QSD	1	1		Homo sapiens	adult	59 years												/replicates/7f18be8c-20fd-4529-95b2-5967fc6681fd/				
/experiments/ENCSR329ZQG/	ENCSR329ZQG	long read RNA-seq	long read RNA-seq	tissue				Homo sapiens heart right ventricle tissue female adult (59 years)	heart right ventricle	GEO:GSE175173	ENC4_51 W73 heart right ventricle	Ali Mortazavi, UCI	ENCODE	released	/files/ENCFF615FIC/,/files/ENCFF992VWO/,/files/ENCFF531MPH/,/files/ENCFF305AFY/,/files/ENCFF107QDS/		ENCBS789UUH	1	1		Homo sapiens	adult	59 years												/replicates/0f0d0b81-878b-4255-8251-705683f8dc09/				
/experiments/ENCSR995WKW/	ENCSR995WKW	long read RNA-seq	long read RNA-seq	tissue				Homo sapiens adrenal gland tissue male adult (54 years)	adrenal gland	GEO:GSE175352	Adrenal Gland 2-1 ENTEX51	Ali Mortazavi, UCI	ENCODE	released	/files/ENCFF912HPY/,/files/ENCFF020MWV/,/files/ENCFF243PFI/,/files/ENCFF041GHI/,/files/ENCFF521YNK/		ENCBS420UOM	1	1		Homo sapiens	adult	54 years												/replicates/67d83396-dac0-4ceb-8027-9363ba86fd5b/				
/experiments/ENCSR293MOX/	ENCSR293MOX	long read RNA-seq	long read RNA-seq	tissue				Homo sapiens right lobe of liver tissue female child (16 years)	right lobe of liver	GEO:GSE143126	W62 right lobe of liver	Ali Mortazavi, UCI	ENCODE	released	/files/ENCFF318SKH/,/files/ENCFF483BXP/,/files/ENCFF769KWE/,/files/ENCFF632MRW/,/files/ENCFF653FOQ/,/files/ENCFF152HMX/,/files/ENCFF430RUG/,/files/ENCFF158KCA/,/files/ENCFF258WJK/		ENCBS437TFK	1	1		Homo sapiens	child	16 years												/replicates/bef9fa89-f493-45e3-900f-35afcd08ef9c/				
/experiments/ENCSR081NRO/	ENCSR081NRO	long read RNA-seq	long read RNA-seq	tissue				Homo sapiens adrenal gland tissue male adult (37 years)	adrenal gland	GEO:GSE174967	Adrenal Gland 1-2 ENTEX50	Ali Mortazavi, UCI	ENCODE	released	/files/ENCFF211SQY/,/files/ENCFF967OHL/,/files/ENCFF099JWI/,/files/ENCFF147OYL/,/files/ENCFF838VGX/		ENCBS636AEJ	1	1		Homo sapiens	adult	37 years												/replicates/0c291353-b0a6-40bb-91a5-df70f9574e99/				
/experiments/ENCSR746ITG/	ENCSR746ITG	long read RNA-seq	long read RNA-seq	tissue				Homo sapiens left lung tissue female child (16 years)	left lung	GEO:GSE143131	ENC4_79 W62 left lung	Ali Mortazavi, UCI	ENCODE	released	/files/ENCFF733RRO/,/files/ENCFF196NGA/,/files/ENCFF212OOP/,/files/ENCFF300BYP/,/files/ENCFF496QJH/,/files/ENCFF112ZCW/,/files/ENCFF386BBR/,/files/ENCFF024FNJ/,/files/ENCFF809QBD/		ENCBS725WGH	1	1		Homo sapiens	child	16 years												/replicates/aba84256-6675-46d1-8f12-8b78b98f7aab/				
/experiments/ENCSR261GOA/	ENCSR261GOA	long read RNA-seq	long read RNA-seq	tissue				Homo sapiens lower lobe of left lung tissue female adult (59 years)	lower lobe of left lung	GEO:GSE175141	ENC4_80 W73 lower lobe of left lung	Ali Mortazavi, UCI	ENCODE	released	/files/ENCFF552NVU/,/files/ENCFF779VVX/,/files/ENCFF926LNM/,/files/ENCFF243QTD/,/files/ENCFF932OPV/		ENCBS231BSF	1	1		Homo sapiens	adult	59 years												/replicates/ae622311-970d-4e0a-9ef6-260b4d75bb51/				
/experiments/ENCSR194YUY/	ENCSR194YUY	long read RNA-seq	long read RNA-seq	tissue				Homo sapiens heart left ventricle tissue female adult (53 years)	heart left ventricle	GEO:GSE143125	ENTEX105 Heart - Left Ventricle 3-1	Ali Mortazavi, UCI	ENCODE	released	/files/ENCFF185VYD/,/files/ENCFF799GMD/,/files/ENCFF965VNS/,/files/ENCFF268NRG/,/files/ENCFF739QPI/,/files/ENCFF146VCF/,/files/ENCFF989FKA/,/files/ENCFF391PKR/,/files/ENCFF575TKT/		ENCBS504IQD	1	1		Homo sapiens	adult	53 years												/replicates/4bf3e588-df1d-46d2-8a70-9698399af618/				
/experiments/ENCSR425HFS/	ENCSR425HFS	long read RNA-seq	long read RNA-seq	tissue				Homo sapiens aorta tissue female adult (59 years)	aorta	GEO:GSE175246	ENC4_103 W73 aorta	Ali Mortazavi, UCI	ENCODE	released	/files/ENCFF902BIU/,/files/ENCFF999NQY/,/files/ENCFF745HHL/,/files/ENCFF138OIV/,/files/ENCFF796WTV/		ENCBS759AII	1	1		Homo sapiens	adult	59 years												/replicates/f2916c81-6845-4dbf-a386-4cd208cfbbe5/				
/experiments/ENCSR657HJW/	ENCSR657HJW	long read RNA-seq	long read RNA-seq	tissue				Homo sapiens right lobe of liver tissue female adult (41 years)	right lobe of liver	GEO:GSE175042	W61 right lobe of liver	Ali Mortazavi, UCI	ENCODE	released	/files/ENCFF306ZPP/,/files/ENCFF999AKN/,/files/ENCFF202FPL/,/files/ENCFF425JER/,/files/ENCFF074WRN/		ENCBS823URA	1	1		Homo sapiens	adult	41 years												/replicates/05c1b4bf-c5a0-4ab5-b4c7-e125c44c06e4/				
/experiments/ENCSR138TAS/	ENCSR138TAS	long read RNA-seq	long read RNA-seq	tissue				Homo sapiens posterior vena cava tissue female adult (59 years)	posterior vena cava	GEO:GSE175011	ENC4_102 W73 posterior vena cava	Ali Mortazavi, UCI	ENCODE	released	/files/ENCFF658OZB/,/files/ENCFF760WCA/,/files/ENCFF761TXP/,/files/ENCFF798BHO/,/files/ENCFF472TSL/		ENCBS892JRQ	1	1		Homo sapiens	adult	59 years												/replicates/d664b8f9-928b-4bdb-aaf4-bb752e0d14f3/				
/experiments/ENCSR477HHG/	ENCSR477HHG	long read RNA-seq	long read RNA-seq	tissue				Homo sapiens ovary tissue female adult (59 years)	ovary	GEO:GSE175283	ENC4_71 W73 ovary	Ali Mortazavi, UCI	ENCODE	released	/files/ENCFF756AHG/,/files/ENCFF056MAB/,/files/ENCFF583MSU/,/files/ENCFF661OBD/,/files/ENCFF420XTR/		ENCBS756ETL	1	1		Homo sapiens	adult	59 years												/replicates/9c6631b1-68e4-4882-b187-11755ea04f40/				
/experiments/ENCSR587WPR/	ENCSR587WPR	long read RNA-seq	long read RNA-seq	tissue				Homo sapiens ovary tissue female adult (41 years)	ovary	GEO:GSE143128	ENC4_35 W61 ovary	Ali Mortazavi, UCI	ENCODE	released	/files/ENCFF187BTK/,/files/ENCFF312PXX/,/files/ENCFF767YWR/,/files/ENCFF955XSL/,/files/ENCFF631NQS/,/files/ENCFF644PGG/,/files/ENCFF396VLB/,/files/ENCFF934QOH/,/files/ENCFF650CQV/		ENCBS472VJA	1	1		Homo sapiens	adult	41 years												/replicates/12a8fe45-80cd-430c-b9c1-7a6e95bc74cf/				
/experiments/ENCSR426KOP/	ENCSR426KOP	long read RNA-seq	long read RNA-seq	tissue				Homo sapiens left lung tissue male adult (40 years)	left lung	GEO:GSE143127	ENC4_81 W76 left lung	Ali Mortazavi, UCI	ENCODE	released	/files/ENCFF196WMM/,/files/ENCFF092NTE/,/files/ENCFF274XPG/,/files/ENCFF137TXO/,/files/ENCFF036BAP/,/files/ENCFF494EBW/,/files/ENCFF818VIC/,/files/ENCFF757LOZ/,/files/ENCFF453WFA/		ENCBS420JRY	1	1		Homo sapiens	adult	40 years												/replicates/3c996486-0a1b-466c-be00-6d7cd7a89581/				
/experiments/ENCSR575LWI/	ENCSR575LWI	long read RNA-seq	long read RNA-seq	tissue				Homo sapiens heart left ventricle tissue female adult (59 years)	heart left ventricle	GEO:GSE174914	ENC4_33 W73 heart left ventricle	Ali Mortazavi, UCI	ENCODE	released	/files/ENCFF537NCV/,/files/ENCFF044XQA/,/files/ENCFF437SYY/,/files/ENCFF304FFP/,/files/ENCFF010KII/		ENCBS692CKU	1	1		Homo sapiens	adult	59 years												/replicates/b9075bfb-a7f5-40d6-97fd-5dd3a0c9eb78/				
/experiments/ENCSR463IDK/	ENCSR463IDK	long read RNA-seq	long read RNA-seq	tissue				Homo sapiens dorsolateral prefrontal cortex tissue female adult (79 years)	dorsolateral prefrontal cortex	GEO:GSE219875	RUSH brain E5194210	Ali Mortazavi, UCI	ENCODE	released	/files/ENCFF002KOQ/,/files/ENCFF838DFB/,/files/ENCFF635HXQ/,/files/ENCFF107YAW/,/files/ENCFF512RTX/,/files/ENCFF222UTL/	/disease-series/ENCSR212ASC/	ENCBS411JUI	1	1		Homo sapiens	adult	79 years												/replicates/26bbd646-2879-44f8-a260-6c91ad052760/				
/experiments/ENCSR205QMF/	ENCSR205QMF	long read RNA-seq	long read RNA-seq	tissue				Homo sapiens dorsolateral prefrontal cortex tissue female adult (88 years)	dorsolateral prefrontal cortex	GEO:GSE219574	RUSH brain E5115600	Ali Mortazavi, UCI	ENCODE	released	/files/ENCFF500TGB/,/files/ENCFF206TQZ/,/files/ENCFF706EMQ/,/files/ENCFF279ABL/,/files/ENCFF197DZP/,/files/ENCFF573QGI/	/disease-series/ENCSR153WCK/	ENCBS105DDE	1	1		Homo sapiens	adult	88 years												/replicates/e22e96b6-6059-4a18-a624-bcdaf7443086/				
